; Number of ROIs: 1,,,,,,,,,,,,,,,,,,,
; File Dimension: 29252 x 18552,,,,,,,,,,,,,,,,,,,
;,,,,,,,,,,,,,,,,,,,
; ROI name: bareenLand2_testing_data,,,,,,,,,,,,,,,,,,,
; ROI rgb value: {196,127, 0},,,,,,,,,,,,,,,,,
; ROI npts: 750,,,,,,,,,,,,,,,,,,,
;,,,,,,,,,,,,,,,,,,,
 B1, B2, B3, B4, B5, B6, B7, B8, B9, B10, B11, B12, B13, B14, B15, B16, B17, B18, B19, B20
,,,,,,,,,,,,,,,,,,,
2114,2241,2797,0.110361,2220,2362,2889,0.100362,2205,2311,2895,0.112178,1513,1736,2907,0.252208,1925,2110,2643,0.11214
2102,2209,2780,0.114452,2220,2362,2889,0.100362,2228,2333,2906,0.109372,1490,1684,2908,0.266551,1939,2114,2652,0.112883
2127,2273,2814,0.10635,2220,2362,2889,0.100362,2160,2270,2877,0.117933,1517,1742,2891,0.248003,1894,2082,2624,0.115172
2140,2305,2821,0.100663,2220,2362,2889,0.100362,2113,2237,2851,0.120676,1507,1738,2960,0.260111,1877,2067,2616,0.117233
2137,2281,2813,0.104437,2220,2362,2889,0.100362,2154,2275,2866,0.114958,1515,1757,2925,0.249466,1912,2100,2639,0.113737
2134,2258,2806,0.108215,2220,2362,2889,0.100362,2194,2314,2881,0.109143,1506,1747,2912,0.250054,1948,2133,2662,0.110323
2131,2234,2799,0.112259,2220,2362,2889,0.100362,2216,2335,2891,0.106391,1480,1701,2921,0.263955,1964,2140,2674,0.110926
2093,2196,2777,0.116831,2164,2306,2819,0.100098,2202,2319,2893,0.11013,1434,1620,2887,0.281118,1942,2095,2662,0.119193
2056,2157,2755,0.121743,2164,2306,2819,0.100098,2187,2303,2894,0.113719,1378,1518,2783,0.294118,1919,2049,2651,0.128085
2113,2283,2837,0.108203,2074,2204,2888,0.134328,2048,2164,2853,0.137333,1483,1701,2968,0.271364,1827,2013,2601,0.127438
2160,2260,2819,0.110061,2098,2200,2825,0.124378,2204,2337,2877,0.103567,1461,1664,2932,0.275892,1982,2142,2677,0.111019
2037,2210,2888,0.132993,1960,1982,2864,0.182006,1808,1874,2915,0.217373,1375,1572,2959,0.306113,1673,1810,2568,0.173138
2075,2248,2859,0.11964,1960,1982,2864,0.182006,1928,2023,2880,0.174791,1430,1646,2971,0.286983,1752,1905,2584,0.151259
2112,2285,2828,0.1062,1960,1982,2864,0.182006,2047,2172,2845,0.134144,1467,1689,2984,0.277124,1831,2001,2600,0.130189
2140,2304,2810,0.098944,2098,2200,2825,0.124378,2112,2246,2842,0.117138,1490,1719,2998,0.271147,1884,2057,2621,0.120564
2146,2289,2813,0.102705,2098,2200,2825,0.124378,2148,2282,2855,0.111544,1499,1725,2976,0.266114,1924,2094,2644,0.116083
2153,2275,2815,0.10609,2098,2200,2825,0.124378,2184,2318,2867,0.105882,1492,1705,2948,0.267139,1964,2131,2667,0.111713
2117,2213,2789,0.115154,1988,2136,2821,0.138188,2195,2324,2880,0.106841,1407,1595,2869,0.285394,1955,2103,2662,0.117314
2055,2172,2830,0.131547,1960,1982,2864,0.182006,1968,2047,2846,0.163295,1438,1645,2929,0.280717,1835,1988,2600,0.133391
2012,2127,2851,0.14544,1960,1982,2864,0.182006,1850,1905,2846,0.198064,1400,1611,2918,0.288585,1756,1892,2567,0.151379
2069,2175,2814,0.128082,2098,2200,2825,0.124378,2054,2156,2864,0.141036,1469,1663,2988,0.284885,1936,2088,2649,0.118429
2080,2196,2816,0.123703,2098,2200,2825,0.124378,2026,2119,2853,0.147627,1461,1665,2964,0.280622,1891,2047,2626,0.123903
2057,2155,2812,0.132273,2098,2200,2825,0.124378,2081,2193,2874,0.134399,1463,1633,2971,0.290617,1981,2128,2671,0.113149
1949,2006,2843,0.172613,1960,1982,2864,0.182006,1772,1786,2812,0.22314,1356,1557,2858,0.294677,1761,1880,2549,0.15105
2021,2087,2822,0.149725,2098,2200,2825,0.124378,1941,1993,2864,0.179329,1417,1594,2916,0.293126,1898,2037,2631,0.127249
1991,2061,2815,0.154635,2098,2200,2825,0.124378,1960,2031,2873,0.171697,1416,1594,2948,0.298107,1948,2082,2654,0.120777
1998,2060,2832,0.157809,1960,1982,2864,0.182006,1889,1922,2847,0.193961,1399,1585,2884,0.290669,1839,1975,2600,0.136612
944,777,3075,0.596573,1056,959,3006,0.516267,871,817,3067,0.5793,1310,1460,2930,0.334852,1135,1148,1954,0.259832
960,817,3072,0.579841,991,848,3146,0.575363,868,833,3086,0.574892,1380,1448,2972,0.344796,1071,1099,1947,0.278398
958,806,3079,0.585071,991,848,3146,0.575363,854,833,3060,0.572052,1361,1491,2946,0.327924,1109,1138,1902,0.251316
965,809,3061,0.581912,1056,959,3006,0.516267,840,833,3033,0.569064,1316,1511,2882,0.312087,1147,1177,1858,0.224382
981,841,3043,0.566941,1052,974,2888,0.495598,838,852,3004,0.558091,1290,1517,2827,0.301565,1132,1167,1790,0.210687
980,845,3058,0.567,1052,962,3066,0.522344,862,862,3034,0.557495,1349,1514,2899,0.313845,1113,1158,1830,0.2249
989,863,3045,0.558342,1052,962,3066,0.522344,886,872,3064,0.556911,1387,1484,2960,0.332133,1094,1149,1870,0.238821
998,881,3031,0.549591,1052,962,3066,0.522344,910,882,3093,0.556226,1380,1464,3004,0.344673,1075,1141,1911,0.252294
994,879,3044,0.551874,1064,1007,3021,0.5,945,882,3080,0.55477,1319,1467,2987,0.341266,1066,1143,2000,0.272669
986,872,3016,0.55144,1052,974,2888,0.495598,892,876,2982,0.545879,1234,1471,2826,0.315336,1116,1156,1722,0.196664
987,879,3035,0.550843,1052,962,3066,0.522344,908,888,3015,0.544965,1308,1508,2913,0.317801,1117,1178,1758,0.197548
997,894,3017,0.542828,1052,962,3066,0.522344,924,901,3047,0.543566,1363,1500,2952,0.326146,1117,1200,1794,0.198397
1008,909,2999,0.5348,1052,962,3066,0.522344,940,913,3080,0.5427,1371,1495,2969,0.330197,1118,1222,1830,0.199214
1009,909,3001,0.535038,1064,1007,3021,0.5,945,903,3086,0.547255,1347,1496,2974,0.330649,1098,1195,1905,0.229032
999,907,3003,0.536061,1064,1007,3021,0.5,958,912,3082,0.543315,1311,1462,2968,0.339955,1111,1218,1911,0.221477
993,912,3011,0.53505,1052,962,3066,0.522344,954,915,2995,0.531969,1249,1455,2963,0.341331,1112,1188,1726,0.184626
1005,925,2989,0.527338,1052,962,3066,0.522344,962,930,3031,0.530422,1308,1475,2923,0.329241,1129,1230,1753,0.175327
1017,937,2967,0.51998,1052,962,3066,0.522344,970,944,3066,0.529177,1326,1470,2911,0.32892,1145,1272,1780,0.166448
980,878,3042,0.552041,1064,1007,3021,0.5,950,890,3084,0.552089,1293,1397,3009,0.365865,1087,1177,1985,0.255534
1019,936,2965,0.520123,1064,1007,3021,0.5,967,934,3080,0.534629,1321,1476,2940,0.331522,1135,1259,1838,0.186955
1005,936,2963,0.519877,1064,1004,2930,0.489578,972,943,3085,0.531778,1265,1410,2962,0.354986,1118,1223,1875,0.210458
982,908,2998,0.535074,1064,1004,2930,0.489578,954,920,3096,0.541833,1259,1366,2994,0.373394,1100,1191,1925,0.235558
1028,963,2928,0.505012,1064,1004,2930,0.489578,989,965,3073,0.522041,1259,1401,2921,0.351689,1136,1255,1826,0.185329
1027,966,2934,0.504615,1164,1122,2790,0.42638,1000,975,3053,0.515889,1249,1391,2878,0.348325,1140,1262,1790,0.173001
994,928,2896,0.514644,1064,1004,2930,0.489578,1023,989,3038,0.508815,1196,1329,2951,0.378972,1125,1228,1840,0.199478
967,889,2972,0.539498,1064,1004,2930,0.489578,992,950,3078,0.528302,1197,1316,2979,0.387194,1113,1204,1866,0.215635
1249,1495,2107,0.169906,1236,1496,2045,0.155041,1219,1530,1968,0.125214,1157,1303,2830,0.369465,1247,1401,2618,0.302812
1201,1451,2073,0.176504,1236,1496,2045,0.155041,1185,1497,1987,0.140643,1167,1378,2698,0.323847,1276,1465,2489,0.258978
1220,1471,2061,0.167044,1236,1496,2045,0.155041,1198,1527,1941,0.119377,1178,1357,2747,0.338694,1306,1507,2473,0.242714
1181,1431,2085,0.186007,1236,1496,2045,0.155041,1172,1466,2034,0.162286,1148,1377,2725,0.32862,1246,1423,2505,0.275458
1147,1403,2012,0.178331,1218,1514,2196,0.183827,1167,1462,2012,0.158319,1146,1353,2724,0.336277,1285,1493,2432,0.239236
1176,1432,2014,0.168891,1236,1496,2045,0.155041,1174,1504,1947,0.128369,1164,1395,2633,0.307349,1326,1552,2389,0.212383
1191,1446,2015,0.164403,1236,1496,2045,0.155041,1178,1525,1914,0.113114,1170,1385,2672,0.317229,1346,1582,2367,0.198785
1161,1417,2013,0.173761,1236,1496,2045,0.155041,1171,1483,1979,0.14327,1152,1385,2664,0.31588,1306,1522,2410,0.225839
1231,1489,2053,0.159232,1320,1638,2214,0.149533,1185,1518,1945,0.123303,1164,1373,2710,0.327455,1311,1505,2492,0.246935
1142,1403,1941,0.160885,1262,1566,2084,0.141918,1169,1500,1925,0.124088,1145,1391,2657,0.312747,1312,1541,2364,0.210755
1139,1383,1997,0.181657,1140,1484,2003,0.148839,1161,1467,2036,0.162432,1147,1387,2874,0.348979,1220,1374,2481,0.28716
1152,1413,1955,0.160926,1262,1566,2084,0.141918,1164,1511,1906,0.115598,1159,1395,2615,0.304239,1330,1568,2351,0.199796
1162,1422,1969,0.161309,1262,1566,2084,0.141918,1158,1522,1888,0.107331,1171,1385,2651,0.313677,1349,1594,2337,0.18901
1132,1394,1927,0.160494,1140,1484,2003,0.148839,1175,1489,1943,0.132284,1154,1378,2686,0.32185,1294,1514,2378,0.221994
1135,1388,1962,0.171343,1140,1484,2003,0.148839,1171,1478,1984,0.146158,1161,1383,2750,0.330752,1261,1453,2422,0.250065
1201,1466,2017,0.158197,1306,1670,2166,0.129301,1173,1527,1917,0.11324,1193,1370,2702,0.327112,1326,1537,2433,0.225693
1144,1379,2026,0.190015,1140,1484,2003,0.148839,1173,1487,2063,0.162254,1147,1380,2898,0.354839,1251,1387,2446,0.276285
1139,1400,1968,0.168646,1140,1484,2003,0.148839,1183,1496,1985,0.140477,1166,1418,2724,0.315307,1285,1492,2356,0.224532
1136,1410,1939,0.157958,1140,1484,2003,0.148839,1186,1503,1956,0.130963,1147,1400,2702,0.317406,1302,1535,2324,0.204457
1155,1425,1958,0.157552,1262,1566,2084,0.141918,1184,1515,1946,0.12453,1147,1390,2684,0.317624,1318,1559,2318,0.19577
1192,1456,1997,0.156675,1262,1566,2084,0.141918,1180,1540,1927,0.111624,1195,1378,2677,0.320345,1351,1607,2307,0.178845
1141,1390,1997,0.179215,1140,1484,2003,0.148839,1178,1491,2024,0.151636,1165,1410,2830,0.334906,1268,1439,2401,0.250521
1173,1440,1978,0.157402,1262,1566,2084,0.141918,1182,1527,1936,0.118106,1175,1388,2639,0.310653,1335,1583,2313,0.187372
1218,1484,2034,0.156339,1306,1670,2166,0.129301,1193,1537,1934,0.114376,1196,1373,2721,0.329262,1341,1570,2374,0.203854
1168,1447,1976,0.154543,1262,1566,2084,0.141918,1199,1530,1967,0.124964,1162,1401,2726,0.321056,1325,1578,2272,0.18026
1242,1511,2075,0.157278,1306,1670,2166,0.129301,1221,1538,1937,0.11482,1179,1343,2786,0.349479,1360,1585,2353,0.195023
1235,1502,2050,0.154279,1306,1670,2166,0.129301,1212,1548,1951,0.115176,1197,1381,2796,0.33876,1357,1602,2315,0.182027
1195,1468,2000,0.153403,1262,1566,2084,0.141918,1201,1544,1966,0.120228,1188,1401,2708,0.318082,1339,1598,2274,0.174587
1221,1489,2025,0.152533,1262,1566,2084,0.141918,1203,1558,1966,0.115778,1197,1392,2743,0.326723,1354,1620,2277,0.168591
1141,1426,1952,0.155713,1140,1484,2003,0.148839,1196,1516,1968,0.129736,1145,1413,2735,0.318708,1310,1557,2270,0.186308
1143,1411,1975,0.166568,1140,1484,2003,0.148839,1196,1514,1986,0.134857,1149,1422,2728,0.314699,1309,1532,2290,0.198325
1166,1420,2154,0.205372,1240,1510,2124,0.16896,1184,1476,2115,0.177945,1142,1382,2805,0.339861,1231,1371,2486,0.289085
1154,1394,2079,0.197236,1240,1510,2124,0.16896,1193,1509,2071,0.156983,1144,1378,2809,0.341772,1302,1437,2400,0.250977
1145,1382,2021,0.187775,1140,1484,2003,0.148839,1196,1519,2039,0.14615,1142,1379,2818,0.342864,1321,1478,2351,0.227997
1144,1396,1998,0.177372,1140,1484,2003,0.148839,1196,1516,2013,0.140833,1146,1403,2781,0.32935,1316,1505,2321,0.213278
1146,1442,1964,0.153259,1216,1578,2120,0.146566,1207,1530,1981,0.128453,1140,1418,2753,0.320067,1313,1562,2294,0.189834
1220,1515,2187,0.181524,1386,1642,2136,0.130757,1217,1524,2099,0.158708,1167,1361,2916,0.363573,1218,1391,2520,0.288673
1192,1463,2125,0.184504,1386,1642,2136,0.130757,1219,1538,2067,0.146741,1164,1392,2847,0.343241,1265,1430,2459,0.264592
1165,1412,2062,0.187104,1386,1642,2136,0.130757,1222,1553,2035,0.134337,1153,1393,2790,0.333971,1313,1468,2397,0.240362
1147,1384,2015,0.185643,1216,1578,2120,0.146566,1219,1551,2015,0.130118,1146,1380,2766,0.334298,1324,1495,2360,0.224384
1237,1502,2071,0.15925,1392,1766,2260,0.122702,1238,1541,1933,0.112838,1211,1397,2838,0.34026,1354,1596,2333,0.18758
1252,1520,2066,0.152259,1392,1766,2260,0.122702,1232,1558,1969,0.11653,1215,1432,2855,0.331934,1369,1623,2318,0.176351
1251,1523,2053,0.14821,1380,1668,2225,0.143077,1226,1575,2004,0.119866,1189,1433,2813,0.325012,1384,1649,2303,0.165486
1216,1496,2023,0.149758,1380,1668,2225,0.143077,1219,1560,1997,0.122856,1170,1437,2777,0.317988,1360,1620,2300,0.173469
1147,1403,1998,0.174949,1216,1578,2120,0.146566,1214,1541,2001,0.12987,1133,1375,2761,0.335106,1317,1517,2335,0.212357
1181,1469,1994,0.151603,1380,1668,2225,0.143077,1213,1545,1989,0.125637,1154,1434,2765,0.31698,1337,1591,2297,0.181584
1146,1423,1981,0.163925,1216,1578,2120,0.146566,1208,1532,1987,0.129298,1130,1391,2758,0.329477,1310,1538,2309,0.200416
1403,1686,2311,0.156367,1484,1770,2393,0.149652,1312,1654,2108,0.12068,1261,1516,2790,0.295866,1461,1752,2406,0.157287
1464,1737,2361,0.152269,1484,1770,2393,0.149652,1321,1660,2136,0.125395,1291,1505,2764,0.294917,1497,1782,2427,0.153243
1392,1667,2332,0.166292,1480,1840,2470,0.146172,1298,1640,2103,0.123698,1297,1528,2802,0.294226,1452,1723,2407,0.165617
1498,1781,2443,0.156723,1484,1770,2393,0.149652,1332,1674,2144,0.123101,1273,1528,2783,0.291116,1504,1790,2446,0.154863
1427,1702,2412,0.172581,1480,1840,2470,0.146172,1306,1655,2121,0.123411,1277,1547,2846,0.295698,1464,1733,2432,0.167827
1439,1729,2392,0.160883,1484,1770,2393,0.149652,1322,1669,2119,0.118796,1253,1527,2827,0.298576,1472,1768,2423,0.156287
1380,1677,2341,0.165256,1484,1770,2393,0.149652,1311,1663,2093,0.114483,1249,1527,2897,0.309675,1440,1745,2399,0.157819
1320,1625,2290,0.16986,1362,1678,2277,0.151454,1300,1658,2068,0.110038,1250,1529,2865,0.304051,1408,1722,2376,0.15959
1306,1601,2256,0.169821,1362,1678,2277,0.151454,1263,1617,2064,0.121434,1240,1523,2821,0.298803,1391,1689,2333,0.160119
1343,1635,2322,0.173616,1396,1738,2656,0.208921,1258,1617,2085,0.126418,1239,1516,2893,0.312316,1387,1680,2358,0.167905
1360,1666,2369,0.174226,1396,1738,2656,0.208921,1308,1675,2084,0.108806,1255,1530,2903,0.309723,1410,1724,2401,0.164121
1417,1719,2421,0.169565,1544,1768,2743,0.216138,1320,1679,2107,0.113048,1260,1538,2893,0.3058,1438,1739,2419,0.16354
1475,1772,2473,0.165135,1544,1768,2743,0.216138,1331,1683,2130,0.117231,1258,1547,2850,0.296338,1465,1754,2438,0.163168
1532,1826,2525,0.160653,1544,1768,2743,0.216138,1344,1688,2154,0.121291,1260,1555,2834,0.29141,1493,1769,2456,0.162604
1462,1737,2492,0.178529,1588,1842,2687,0.186575,1314,1671,2138,0.122604,1270,1552,2875,0.298848,1459,1725,2446,0.17286
1364,1586,2506,0.224829,1588,1842,2687,0.186575,1301,1662,2134,0.124341,1261,1505,2876,0.312942,1428,1685,2454,0.185794
1365,1660,2482,0.198455,1396,1738,2656,0.208921,1306,1668,2107,0.116291,1253,1538,2909,0.308298,1413,1726,2426,0.168593
1424,1710,2521,0.19168,1544,1768,2743,0.216138,1321,1677,2124,0.117601,1261,1549,2901,0.30382,1436,1733,2439,0.169223
1482,1760,2560,0.185185,1544,1768,2743,0.216138,1337,1686,2141,0.118892,1263,1558,2879,0.297724,1459,1741,2452,0.169568
1541,1810,2599,0.178952,1544,1768,2743,0.216138,1353,1695,2158,0.120166,1261,1568,2848,0.289855,1482,1749,2466,0.170107
1482,1730,2570,0.195349,1588,1842,2687,0.186575,1327,1678,2146,0.122385,1258,1552,2825,0.290838,1455,1717,2460,0.177879
1370,1655,2595,0.221176,1396,1738,2656,0.208921,1304,1661,2129,0.123483,1250,1539,2887,0.304564,1416,1728,2451,0.173008
1430,1701,2621,0.212864,1544,1768,2743,0.216138,1323,1675,2140,0.121887,1252,1545,2896,0.304211,1434,1728,2459,0.174588
1400,1593,2596,0.239437,1588,1842,2687,0.186575,1318,1670,2145,0.124509,1253,1518,2815,0.299331,1429,1689,2472,0.188176
1502,1723,2648,0.211622,1588,1842,2687,0.186575,1340,1686,2154,0.121875,1248,1552,2800,0.286765,1450,1708,2474,0.183166
1550,1794,2674,0.196956,1544,1768,2743,0.216138,1362,1702,2163,0.119276,1260,1563,2816,0.286138,1472,1728,2476,0.177926
1490,1748,2647,0.204551,1544,1768,2743,0.216138,1342,1688,2152,0.120833,1257,1550,2880,0.300226,1453,1728,2467,0.176162
1437,1692,2721,0.233175,1466,1588,2890,0.290755,1325,1673,2157,0.126371,1232,1520,2889,0.310501,1418,1681,2475,0.191049
1497,1736,2734,0.223266,1466,1588,2890,0.290755,1348,1691,2162,0.122242,1236,1527,2895,0.309362,1441,1684,2476,0.190385
1558,1779,2748,0.214049,1466,1588,2890,0.290755,1370,1709,2168,0.118391,1246,1549,2843,0.294627,1465,1687,2477,0.189721
1522,1716,2726,0.227375,1542,1820,2840,0.218884,1352,1693,2162,0.12166,1246,1559,2771,0.279908,1449,1680,2479,0.192113
1436,1600,2686,0.253383,1542,1820,2840,0.218884,1334,1678,2157,0.124902,1260,1552,2748,0.27814,1433,1673,2482,0.194705
1376,1649,2708,0.243057,1306,1494,2855,0.312946,1302,1654,2151,0.130618,1244,1527,2872,0.305751,1395,1678,2474,0.191715
1415,1635,2764,0.256649,1466,1588,2890,0.290755,1316,1659,2194,0.138853,1204,1486,2920,0.325465,1402,1634,2491,0.207758
1471,1678,2776,0.24652,1466,1588,2890,0.290755,1341,1685,2188,0.129873,1209,1489,2905,0.322258,1430,1641,2484,0.204364
1527,1720,2788,0.236912,1466,1588,2890,0.290755,1366,1711,2183,0.121212,1230,1527,2843,0.301144,1458,1647,2478,0.201455
1497,1675,2768,0.246005,1542,1820,2840,0.218884,1354,1696,2178,0.124419,1234,1554,2744,0.276873,1447,1652,2485,0.201354
1424,1587,2733,0.265278,1542,1820,2840,0.218884,1342,1680,2174,0.128179,1252,1556,2752,0.277623,1436,1658,2492,0.200964
1428,1597,2794,0.272603,1466,1588,2890,0.290755,1328,1675,2222,0.140364,1192,1469,2865,0.322104,1419,1597,2493,0.219071
1476,1639,2810,0.263205,1466,1588,2890,0.290755,1355,1710,2203,0.12599,1210,1507,2791,0.298744,1452,1607,2479,0.213412
1380,1554,2778,0.282548,1466,1588,2890,0.290755,1301,1641,2240,0.154342,1186,1467,2918,0.330901,1385,1587,2507,0.224719
1482,1707,2633,0.213364,1582,1842,2675,0.184414,1631,1896,2776,0.188356,1271,1526,2849,0.3024,1439,1677,2321,0.161081
1486,1697,2652,0.219591,1554,1808,2728,0.202822,1628,1885,2789,0.19341,1287,1535,2859,0.30132,1430,1675,2319,0.161242
1539,1759,2680,0.207479,1732,1996,2763,0.161168,1670,1933,2832,0.188667,1302,1542,2881,0.302736,1460,1692,2349,0.162584
1505,1722,2663,0.214595,1732,1996,2763,0.161168,1665,1926,2803,0.185451,1295,1528,2855,0.302761,1452,1684,2332,0.161355
1505,1733,2647,0.208676,1592,1794,2696,0.200891,1658,1926,2791,0.183379,1270,1515,2838,0.303928,1455,1683,2324,0.15997
1523,1769,2631,0.195909,1592,1794,2696,0.200891,1650,1926,2780,0.18147,1271,1526,2800,0.294498,1459,1683,2316,0.15829
1574,1796,2696,0.200356,1732,1996,2763,0.161168,1674,1939,2861,0.192083,1304,1536,2903,0.307952,1468,1700,2367,0.164003
1638,1860,2733,0.190072,1622,1846,2766,0.19948,1646,1906,2879,0.203344,1263,1512,2989,0.328149,1471,1722,2413,0.16711
1598,1818,2714,0.197705,1732,1996,2763,0.161168,1662,1919,2858,0.196567,1300,1526,2931,0.315234,1472,1712,2391,0.165489
1557,1777,2694,0.2051,1732,1996,2763,0.161168,1677,1933,2837,0.189518,1311,1538,2882,0.304072,1473,1702,2368,0.163636
1517,1736,2675,0.212877,1732,1996,2763,0.161168,1693,1947,2815,0.182276,1310,1524,2877,0.30743,1473,1692,2345,0.161754
1512,1744,2659,0.207813,1592,1794,2696,0.200891,1665,1927,2803,0.185201,1281,1521,2879,0.308636,1471,1689,2327,0.158865
1525,1776,2646,0.196744,1592,1794,2696,0.200891,1638,1908,2791,0.187912,1273,1533,2867,0.303182,1469,1687,2310,0.155867
1575,1796,2709,0.202664,1732,1996,2763,0.161168,1685,1933,2841,0.190197,1315,1522,2904,0.312246,1473,1702,2387,0.167523
1530,1750,2687,0.211179,1732,1996,2763,0.161168,1721,1967,2828,0.179562,1311,1532,2950,0.316377,1484,1702,2352,0.160335
1520,1754,2672,0.207411,1592,1794,2696,0.200891,1673,1929,2815,0.186762,1284,1538,2938,0.312779,1477,1696,2330,0.157476
1527,1783,2662,0.19775,1592,1794,2696,0.200891,1625,1891,2802,0.194119,1274,1538,2940,0.313086,1470,1691,2307,0.154077
1535,1811,2651,0.188256,1592,1794,2696,0.200891,1577,1853,2790,0.201809,1288,1546,2908,0.305793,1464,1686,2285,0.150844
1621,1841,2731,0.194663,1732,1996,2763,0.161168,1649,1899,2854,0.200926,1289,1507,2965,0.326029,1462,1702,2423,0.174788
1644,1864,2749,0.191849,1724,2004,2801,0.165869,1637,1880,2851,0.205242,1268,1488,3030,0.341301,1426,1649,2473,0.199903
1593,1814,2724,0.200529,1724,2004,2801,0.165869,1693,1933,2846,0.191044,1305,1510,2981,0.327544,1449,1682,2410,0.177908
1543,1764,2699,0.2095,1724,2004,2801,0.165869,1750,1988,2841,0.176641,1291,1543,2934,0.310699,1473,1715,2347,0.155588
1527,1764,2685,0.207013,1594,1844,2736,0.19476,1681,1930,2827,0.188564,1279,1558,2890,0.29946,1464,1706,2329,0.154399
1530,1790,2677,0.198567,1594,1844,2736,0.19476,1613,1873,2813,0.200598,1275,1549,2882,0.300835,1455,1697,2310,0.152982
1532,1815,2669,0.190455,1594,1844,2736,0.19476,1544,1817,2800,0.212909,1287,1538,2874,0.302811,1446,1688,2292,0.151759
1573,1791,2697,0.201872,1724,2004,2801,0.165869,1741,1998,2856,0.176761,1281,1552,2891,0.301373,1462,1728,2342,0.15086
1558,1789,2686,0.200447,1594,1844,2736,0.19476,1685,1943,2840,0.187539,1284,1570,2808,0.282778,1451,1716,2328,0.151335
1554,1801,2685,0.197058,1594,1844,2736,0.19476,1629,1888,2824,0.198642,1285,1566,2778,0.279006,1439,1703,2314,0.152104
1550,1814,2684,0.193419,1594,1844,2736,0.19476,1573,1833,2808,0.210084,1291,1545,2783,0.286044,1428,1691,2300,0.152593
1540,1809,2670,0.19223,1672,1974,2743,0.163027,1576,1843,2801,0.206288,1300,1539,2783,0.28783,1430,1686,2291,0.152125
1607,1823,2726,0.198505,1724,2004,2801,0.165869,1664,1901,2848,0.19941,1273,1502,3004,0.333333,1426,1662,2432,0.18808
827,691,4003,0.705582,907,772,3813,0.66325,1323,1556,2566,0.245027,1403,1552,3251,0.353737,1561,1692,3060,0.287879
914,823,3809,0.644646,907,772,3813,0.66325,1221,1397,2619,0.304283,1427,1606,3261,0.340045,1513,1633,2987,0.293074
1603,1818,2694,0.194149,1724,2004,2801,0.165869,1733,2009,2872,0.176808,1284,1551,2933,0.308207,1452,1742,2338,0.146078
1589,1813,2687,0.194222,1594,1844,2736,0.19476,1689,1956,2853,0.186525,1294,1571,2833,0.286558,1438,1725,2327,0.148569
1578,1813,2694,0.195474,1594,1844,2736,0.19476,1646,1903,2834,0.196538,1295,1579,2776,0.274856,1424,1709,2317,0.151018
1567,1813,2700,0.196543,1594,1844,2736,0.19476,1602,1850,2815,0.20686,1295,1566,2759,0.275838,1410,1693,2307,0.1535
1557,1808,2694,0.196801,1672,1974,2743,0.163027,1610,1860,2811,0.203597,1294,1555,2779,0.282418,1421,1695,2301,0.151652
827,705,3932,0.695924,774,656,3748,0.702089,1206,1345,2666,0.329344,1424,1654,3289,0.330771,1516,1636,3014,0.296344
892,787,3776,0.655052,774,656,3748,0.702089,1110,1182,2766,0.401216,1432,1615,3227,0.33292,1499,1620,2963,0.29304
1632,1845,2692,0.186687,1614,1824,2785,0.208505,1724,2020,2887,0.176686,1254,1539,2967,0.316911,1446,1716,2376,0.16129
1620,1838,2689,0.187983,1736,2014,2812,0.165354,1693,1969,2866,0.185522,1290,1565,2871,0.294409,1439,1712,2354,0.157895
1602,1825,2702,0.193727,1736,2014,2812,0.165354,1662,1918,2844,0.194456,1303,1585,2821,0.280527,1431,1707,2331,0.154532
1585,1811,2715,0.199735,1736,2014,2812,0.165354,1631,1867,2823,0.203838,1297,1589,2796,0.275257,1424,1703,2309,0.151047
1574,1806,2717,0.201415,1730,2022,2830,0.166529,1644,1877,2822,0.201107,1289,1583,2803,0.278158,1435,1707,2302,0.148416
1576,1816,2698,0.195392,1730,2022,2830,0.166529,1679,1917,2832,0.192672,1287,1580,2835,0.284258,1454,1716,2302,0.145844
844,715,3873,0.688317,774,656,3748,0.702089,1073,1131,2803,0.425013,1424,1649,3226,0.323487,1534,1666,3014,0.288034
1637,1859,2713,0.186789,1736,2014,2812,0.165354,1684,1946,2876,0.192866,1275,1557,2871,0.296748,1440,1698,2380,0.167239
1617,1846,2722,0.191769,1736,2014,2812,0.165354,1676,1925,2855,0.194561,1312,1584,2836,0.283258,1439,1706,2346,0.157947
1597,1832,2731,0.19702,1736,2014,2812,0.165354,1668,1903,2833,0.196368,1307,1598,2830,0.278229,1438,1713,2311,0.148608
1588,1830,2733,0.197896,1730,2022,2830,0.166529,1684,1917,2831,0.192502,1297,1597,2831,0.278681,1448,1720,2303,0.144917
1599,1851,2720,0.190112,1730,2022,2830,0.166529,1710,1949,2839,0.185881,1301,1587,2853,0.285135,1463,1727,2307,0.143778
1611,1872,2708,0.182533,1730,2022,2830,0.166529,1737,1981,2848,0.17954,1308,1571,2881,0.29425,1478,1734,2312,0.142857
808,677,3962,0.708127,774,656,3748,0.702089,1161,1284,2666,0.349873,1396,1660,3263,0.325614,1519,1639,3042,0.299722
828,693,3936,0.700583,774,656,3748,0.702089,1022,1082,2811,0.44413,1405,1671,3212,0.315585,1569,1713,3065,0.282964
834,690,3928,0.701169,774,656,3748,0.702089,946,963,2936,0.506027,1423,1670,3181,0.311482,1567,1719,3029,0.275906
1646,1879,2749,0.187986,1736,2014,2812,0.165354,1667,1906,2886,0.204508,1262,1541,2906,0.306949,1441,1685,2407,0.176442
1627,1871,2749,0.190043,1736,2014,2812,0.165354,1689,1928,2865,0.195493,1319,1572,2864,0.291253,1447,1704,2360,0.161417
1607,1863,2748,0.191932,1736,2014,2812,0.165354,1710,1949,2844,0.186731,1323,1587,2876,0.288819,1452,1723,2314,0.146396
1600,1866,2745,0.190631,1730,2022,2830,0.166529,1727,1970,2840,0.180873,1306,1592,2884,0.288651,1461,1732,2304,0.141724
1620,1892,2737,0.182545,1730,2022,2830,0.166529,1740,1989,2843,0.176738,1311,1585,2883,0.29051,1472,1738,2312,0.141728
1640,1917,2729,0.174774,1730,2022,2830,0.166529,1754,2009,2846,0.1724,1321,1573,2901,0.296826,1483,1743,2321,0.142224
812,670,3999,0.713001,774,656,3748,0.702089,972,1034,2820,0.463415,1379,1666,3191,0.31398,1556,1688,3076,0.291352
786,625,4072,0.733873,774,656,3748,0.702089,901,921,2982,0.528055,1411,1711,3176,0.299775,1582,1734,3046,0.274477
886,763,3852,0.669339,916,850,3692,0.625716,827,827,3066,0.575135,1417,1683,3133,0.30108,1500,1643,2961,0.286273
987,900,3633,0.602912,916,850,3692,0.625716,753,732,3150,0.622875,1392,1601,3087,0.31698,1419,1553,2876,0.298713
1636,1897,2775,0.187928,1736,2014,2812,0.165354,1701,1931,2876,0.196588,1303,1557,2885,0.298964,1438,1676,2398,0.177221
1616,1894,2765,0.18695,1736,2014,2812,0.165354,1752,1995,2856,0.177489,1313,1572,2904,0.297587,1461,1717,2333,0.152099
1612,1902,2757,0.183516,1730,2022,2830,0.166529,1769,2022,2848,0.16961,1298,1580,2928,0.299024,1474,1734,2315,0.143492
1641,1932,2754,0.175416,1730,2022,2830,0.166529,1770,2029,2846,0.16759,1307,1584,2909,0.294903,1482,1740,2320,0.142857
1669,1962,2751,0.167409,1730,2022,2830,0.166529,1770,2036,2844,0.165574,1323,1584,2907,0.294589,1489,1745,2326,0.142717
1697,1992,2748,0.159494,1730,2022,2830,0.166529,1767,2043,2845,0.164075,1321,1577,2933,0.300665,1483,1732,2325,0.146167
842,695,3960,0.701396,756,607,3842,0.72713,795,782,3113,0.59846,1421,1708,3122,0.292754,1527,1675,2967,0.278328
1628,1915,2776,0.183543,1820,2072,2888,0.164516,1771,2015,2868,0.174688,1292,1557,2895,0.300539,1466,1703,2361,0.161909
1627,1930,2764,0.177674,1750,2090,2809,0.146765,1793,2052,2861,0.164665,1292,1567,2915,0.300759,1485,1731,2331,0.14771
1658,1961,2764,0.169947,1750,2090,2809,0.146765,1786,2054,2853,0.162829,1304,1580,2891,0.293223,1491,1738,2330,0.145526
1689,1991,2764,0.162566,1750,2090,2809,0.146765,1780,2056,2845,0.160988,1321,1592,2883,0.288492,1496,1744,2329,0.143629
1720,2021,2764,0.155277,1750,2090,2809,0.146765,1777,2063,2846,0.159503,1319,1592,2913,0.29323,1491,1738,2326,0.144685
764,591,4140,0.750159,1102,1086,3454,0.521586,870,884,2988,0.543388,1385,1695,3156,0.301175,1577,1717,3038,0.277813
838,677,3950,0.70737,756,607,3842,0.72713,795,757,3068,0.604183,1400,1689,3113,0.296543,1554,1708,2974,0.270397
885,739,3842,0.677363,756,607,3842,0.72713,720,659,3221,0.660309,1427,1676,3092,0.29698,1536,1715,2917,0.259499
1643,1918,2775,0.182612,1820,2072,2888,0.164516,1744,1980,2880,0.185185,1261,1523,2902,0.311638,1472,1690,2388,0.171162
1648,1942,2761,0.174144,1750,2090,2809,0.146765,1779,2036,2881,0.171853,1301,1542,2893,0.304622,1497,1727,2347,0.152185
1670,1964,2761,0.168677,1750,2090,2809,0.146765,1777,2048,2867,0.166633,1309,1551,2867,0.297872,1500,1735,2339,0.148257
1693,1986,2760,0.163085,1750,2090,2809,0.146765,1776,2059,2853,0.161645,1310,1570,2828,0.286039,1502,1743,2332,0.14454
1716,2008,2759,0.157541,1750,2090,2809,0.146765,1777,2071,2849,0.15813,1316,1589,2819,0.279038,1500,1744,2326,0.142998
1671,1935,2755,0.17484,1832,2154,2821,0.13407,1783,2085,2868,0.158086,1314,1589,2856,0.285039,1487,1731,2324,0.146239
865,696,3867,0.694938,756,607,3842,0.72713,646,545,3386,0.722717,1393,1669,3139,0.30574,1570,1799,2890,0.232672
1668,1954,2759,0.170804,1750,2090,2809,0.146765,1764,2021,2901,0.178789,1293,1530,2902,0.309567,1494,1718,2359,0.157223
849,677,3904,0.704431,756,607,3842,0.72713,721,638,3204,0.667881,1351,1651,3127,0.308916,1557,1747,2936,0.253897
854,704,3848,0.690685,807,672,3654,0.68932,671,562,3341,0.712016,1374,1643,3128,0.311256,1462,1644,2797,0.259626
1873,2133,2963,0.162873,2132,2408,3021,0.112912,2066,2425,3077,0.118502,1427,1612,3389,0.355329,1623,1722,3041,0.276926
2008,2301,2979,0.128409,2036,2326,3030,0.131441,2156,2503,3123,0.110203,1421,1637,3419,0.352453,1650,1791,3037,0.258078
2066,2360,3008,0.120715,2100,2452,3068,0.111594,2181,2517,3146,0.111072,1435,1648,3375,0.343818,1666,1830,3035,0.247688
2021,2327,2998,0.126009,2100,2452,3068,0.111594,2127,2471,3126,0.117027,1381,1629,3464,0.360298,1712,1895,3041,0.232172
2003,2307,3007,0.131728,2100,2452,3068,0.111594,2094,2442,3128,0.12316,1423,1646,3495,0.359658,1683,1867,3034,0.238115
1974,2286,3026,0.139307,2100,2452,3068,0.111594,2014,2379,3122,0.135066,1456,1622,3524,0.369607,1717,1920,3018,0.222357
1972,2281,3044,0.143286,2100,2452,3068,0.111594,1976,2349,3123,0.141447,1446,1559,3560,0.390897,1681,1880,2998,0.229192
1930,2241,3072,0.156409,1700,1892,3197,0.256435,1906,2266,3146,0.162602,1380,1507,3645,0.414984,1561,1700,3017,0.279203
1977,2297,3062,0.142751,1752,2002,3112,0.217051,1979,2354,3145,0.143844,1404,1546,3581,0.396918,1620,1772,3053,0.265492
946,869,2752,0.520022,1134,1228,2665,0.369124,1221,1456,2580,0.278494,1051,1178,2497,0.358912,1111,1240,2354,0.309961
951,874,2710,0.512277,1134,1228,2665,0.369124,1252,1510,2564,0.258714,1055,1204,2446,0.340274,1129,1292,2310,0.282621
974,951,2530,0.453605,1600,1816,2634,0.18382,1411,1719,2527,0.190297,1065,1232,2385,0.318772,1164,1351,2170,0.232604
974,951,2561,0.458428,1600,1816,2634,0.18382,1382,1672,2507,0.199809,1058,1225,2431,0.329869,1150,1314,2207,0.253621
973,952,2592,0.462754,1600,1816,2634,0.18382,1351,1623,2485,0.209834,1048,1212,2493,0.345749,1136,1276,2244,0.275
973,953,2624,0.467151,1600,1816,2634,0.18382,1315,1552,2480,0.230159,1030,1187,2534,0.361999,1111,1227,2281,0.300456
978,958,2503,0.446403,1632,1850,2676,0.182501,1444,1764,2544,0.181058,1074,1234,2396,0.32011,1177,1386,2128,0.211155
973,980,2480,0.433526,1632,1850,2676,0.182501,1550,1859,2601,0.166368,1087,1250,2391,0.313375,1207,1432,2001,0.165744
974,978,2501,0.437769,1600,1816,2634,0.18382,1527,1835,2593,0.171183,1087,1245,2390,0.314993,1199,1410,2030,0.180233
993,992,2533,0.437163,1600,1816,2634,0.18382,1500,1806,2579,0.176283,1076,1247,2364,0.309333,1189,1387,2059,0.195009
1011,1007,2564,0.436012,1600,1816,2634,0.18382,1472,1777,2566,0.181672,1066,1249,2382,0.312035,1179,1364,2089,0.209962
1030,1021,2596,0.435444,1600,1816,2634,0.18382,1439,1721,2561,0.19617,1060,1251,2431,0.320478,1161,1327,2125,0.23117
1005,994,2705,0.462557,1454,1642,2639,0.23289,1395,1612,2576,0.230181,1047,1244,2475,0.331003,1125,1265,2175,0.264535
979,968,2815,0.488237,1454,1642,2639,0.23289,1352,1503,2591,0.265755,1025,1217,2529,0.35024,1089,1202,2225,0.298512
982,1011,2449,0.415607,1632,1850,2676,0.182501,1644,1950,2648,0.151805,1089,1269,2324,0.293626,1232,1487,1874,0.115144
969,1002,2457,0.420642,1632,1850,2676,0.182501,1656,1955,2659,0.152579,1095,1258,2362,0.304972,1236,1478,1874,0.118138
973,1006,2473,0.421673,1600,1816,2634,0.18382,1643,1950,2658,0.153646,1098,1257,2385,0.30972,1234,1469,1889,0.125074
1011,1034,2505,0.415654,1600,1816,2634,0.18382,1618,1940,2652,0.155052,1087,1264,2360,0.302428,1229,1461,1912,0.133709
1050,1061,2537,0.410228,1600,1816,2634,0.18382,1593,1930,2646,0.156469,1077,1271,2347,0.297402,1223,1451,1934,0.142688
1088,1089,2568,0.40443,1600,1816,2634,0.18382,1563,1889,2643,0.166372,1076,1271,2387,0.305085,1211,1428,1969,0.159258
1081,1091,2662,0.418598,1454,1642,2639,0.23289,1523,1788,2647,0.193687,1070,1262,2438,0.317838,1184,1375,2031,0.192601
1074,1094,2756,0.431688,1454,1642,2639,0.23289,1484,1687,2651,0.222222,1049,1243,2488,0.333691,1158,1322,2093,0.225769
1066,1097,2850,0.444135,1454,1642,2639,0.23289,1444,1586,2655,0.252063,1023,1212,2551,0.355833,1132,1270,2156,0.258611
1052,1070,2900,0.460957,1144,1248,2832,0.388235,1345,1487,2710,0.291399,1001,1170,2593,0.378156,1062,1164,2199,0.307761
981,1032,2435,0.404673,1772,2036,2755,0.150073,1725,2024,2697,0.142555,1093,1273,2320,0.2914,1231,1482,1871,0.116016
964,1024,2434,0.40775,1772,2036,2755,0.150073,1761,2050,2717,0.13992,1100,1268,2337,0.296533,1234,1476,1872,0.11828
972,1033,2445,0.40598,1866,2100,2800,0.142857,1759,2065,2724,0.137607,1103,1275,2353,0.297133,1232,1471,1881,0.122315
1030,1075,2477,0.394707,1866,2100,2800,0.142857,1736,2074,2725,0.135653,1093,1289,2334,0.288435,1228,1467,1896,0.127565
1088,1116,2509,0.384276,1866,2100,2800,0.142857,1714,2082,2726,0.133943,1089,1295,2309,0.281354,1224,1464,1910,0.132187
1146,1157,2541,0.374256,1866,2100,2800,0.142857,1687,2057,2724,0.139511,1094,1285,2343,0.291621,1215,1448,1937,0.144461
1157,1189,2619,0.375525,1730,1996,2807,0.168853,1651,1964,2717,0.160863,1086,1265,2409,0.311377,1195,1408,1988,0.170789
1169,1220,2698,0.377233,1730,1996,2807,0.168853,1616,1871,2710,0.183148,1064,1245,2450,0.326116,1175,1368,2039,0.196947
1180,1252,2777,0.378506,1730,1996,2807,0.168853,1580,1777,2703,0.206696,1037,1226,2481,0.338549,1155,1328,2090,0.222937
1178,1245,2835,0.389706,1600,1802,2800,0.216862,1490,1692,2731,0.234908,1012,1203,2525,0.354614,1099,1245,2133,0.262877
1170,1218,2884,0.406143,1600,1802,2800,0.216862,1401,1607,2759,0.263857,997,1162,2549,0.373754,1043,1161,2176,0.304165
1075,1147,2463,0.364543,1772,2036,2755,0.150073,1722,2044,2700,0.13828,1092,1280,2290,0.282913,1230,1480,1868,0.11589
1056,1136,2458,0.367835,1772,2036,2755,0.150073,1766,2079,2722,0.13393,1095,1282,2340,0.292104,1231,1476,1869,0.117489
1038,1124,2454,0.371716,1772,2036,2755,0.150073,1809,2114,2744,0.129683,1101,1281,2328,0.290108,1232,1473,1869,0.118492
1045,1130,2461,0.370649,1866,2100,2800,0.142857,1811,2134,2755,0.12702,1102,1291,2305,0.28198,1231,1473,1874,0.119809
1102,1168,2493,0.361923,1866,2100,2800,0.142857,1793,2146,2760,0.125153,1098,1308,2295,0.273938,1228,1474,1880,0.121049
1159,1206,2524,0.353351,1866,2100,2800,0.142857,1775,2158,2765,0.123299,1100,1318,2291,0.269604,1225,1476,1887,0.122212
1216,1245,2556,0.344909,1866,2100,2800,0.142857,1753,2137,2765,0.128111,1105,1308,2321,0.27914,1219,1468,1905,0.129558
1238,1290,2624,0.340828,1730,1996,2807,0.168853,1722,2048,2758,0.147732,1092,1284,2386,0.300272,1205,1441,1945,0.148848
1260,1336,2692,0.336643,1730,1996,2807,0.168853,1691,1959,2750,0.167976,1071,1256,2437,0.319794,1192,1414,1984,0.167746
1282,1381,2760,0.333011,1730,1996,2807,0.168853,1660,1870,2742,0.189072,1050,1234,2463,0.332432,1178,1387,2024,0.186749
1291,1389,2812,0.338729,1600,1802,2800,0.216862,1585,1806,2758,0.208589,1030,1217,2485,0.342518,1136,1325,2067,0.21875
1293,1376,2855,0.349563,1600,1802,2800,0.216862,1510,1742,2774,0.228521,1018,1193,2493,0.352686,1094,1263,2110,0.251112
1210,1323,2512,0.310039,1654,1908,2729,0.177054,1703,2052,2695,0.135454,1080,1275,2203,0.26682,1231,1473,1865,0.117436
1187,1300,2505,0.316689,1772,2036,2755,0.150073,1744,2088,2715,0.130543,1091,1285,2275,0.27809,1231,1472,1866,0.118035
1169,1282,2500,0.322052,1772,2036,2755,0.150073,1785,2125,2736,0.125694,1095,1288,2329,0.287808,1230,1471,1866,0.11837
1151,1263,2493,0.327476,1772,2036,2755,0.150073,1827,2161,2757,0.121187,1098,1288,2318,0.285635,1230,1470,1866,0.118705
1154,1260,2500,0.329787,1866,2100,2800,0.142857,1832,2179,2768,0.119062,1102,1292,2276,0.275785,1229,1475,1866,0.117031
1200,1287,2531,0.325825,1866,2100,2800,0.142857,1820,2187,2776,0.118678,1104,1305,2276,0.271153,1228,1481,1865,0.114764
1245,1315,2562,0.32164,1866,2100,2800,0.142857,1808,2195,2783,0.11812,1107,1321,2309,0.272176,1226,1488,1864,0.112172
1291,1343,2593,0.317581,1866,2100,2800,0.142857,1791,2172,2787,0.124017,1104,1326,2333,0.275212,1223,1488,1873,0.114549
1320,1394,2653,0.311095,1730,1996,2807,0.168853,1765,2085,2783,0.143385,1093,1309,2367,0.287813,1216,1474,1901,0.126519
1349,1446,2713,0.304641,1730,1996,2807,0.168853,1739,1999,2779,0.163248,1081,1275,2413,0.308568,1209,1460,1930,0.138643
1379,1498,2773,0.298525,1730,1996,2807,0.168853,1713,1913,2776,0.184048,1064,1248,2438,0.322843,1202,1446,1958,0.150411
1397,1517,2810,0.298821,1600,1802,2800,0.216862,1654,1875,2788,0.195797,1046,1234,2436,0.32752,1173,1406,2001,0.17464
1322,1479,2554,0.266551,1654,1908,2729,0.177054,1726,2094,2711,0.128408,1073,1283,2207,0.264756,1232,1473,1860,0.116112
1300,1453,2548,0.273682,1772,2036,2755,0.150073,1766,2132,2730,0.122995,1089,1286,2240,0.270562,1232,1474,1861,0.116042
1282,1427,2541,0.280746,1772,2036,2755,0.150073,1805,2170,2750,0.117886,1093,1287,2273,0.276966,1233,1474,1862,0.116307
1264,1402,2533,0.287421,1772,2036,2755,0.150073,1845,2209,2769,0.112495,1094,1286,2288,0.280358,1233,1475,1863,0.116237
1263,1390,2539,0.292441,1866,2100,2800,0.142857,1853,2224,2782,0.111466,1101,1285,2270,0.277075,1234,1480,1863,0.114568
1297,1407,2569,0.292254,1866,2100,2800,0.142857,1847,2228,2792,0.112351,1108,1290,2281,0.277513,1235,1487,1861,0.111708
1331,1424,2599,0.292071,1866,2100,2800,0.142857,1840,2232,2802,0.11323,1108,1307,2335,0.282263,1235,1494,1858,0.108592
1366,1440,2629,0.292209,1866,2100,2800,0.142857,1828,2207,2808,0.11984,1095,1325,2351,0.279108,1233,1495,1864,0.109854
1402,1499,2681,0.282775,1730,1996,2807,0.168853,1807,2123,2809,0.139092,1088,1318,2338,0.278993,1226,1484,1886,0.119288
1439,1557,2733,0.274126,1730,1996,2807,0.168853,1786,2039,2809,0.158828,1090,1288,2362,0.294247,1219,1473,1908,0.12866
1475,1615,2786,0.266076,1730,1996,2807,0.168853,1765,1955,2809,0.179261,1077,1263,2399,0.310213,1212,1461,1930,0.138307
1502,1645,2807,0.261006,1600,1802,2800,0.216862,1722,1943,2817,0.183613,1060,1253,2400,0.313989,1188,1433,1965,0.156563
1451,1646,2596,0.223951,1784,2138,2732,0.121971,1747,2119,2729,0.125825,1058,1292,2243,0.269024,1231,1477,1845,0.110777
1431,1627,2596,0.229458,1784,2138,2732,0.121971,1756,2135,2730,0.122302,1074,1283,2248,0.273294,1232,1479,1853,0.112245
1413,1602,2591,0.235869,1910,2238,2777,0.107478,1795,2173,2748,0.116846,1088,1282,2250,0.274066,1234,1480,1856,0.11271
1398,1574,2583,0.242723,1910,2238,2777,0.107478,1834,2211,2766,0.111513,1088,1284,2260,0.275395,1236,1481,1858,0.112908
1382,1545,2575,0.25,1910,2238,2777,0.107478,1872,2249,2785,0.106476,1090,1285,2286,0.280314,1239,1482,1861,0.113371
1379,1528,2579,0.255905,1914,2212,2832,0.122918,1882,2262,2798,0.105929,1098,1286,2293,0.281364,1242,1486,1862,0.112306
1401,1531,2606,0.25985,1914,2212,2832,0.122918,1877,2264,2808,0.107256,1106,1291,2294,0.279777,1245,1492,1862,0.110316
1423,1535,2634,0.263612,1914,2212,2832,0.122918,1872,2265,2818,0.108794,1105,1304,2331,0.282531,1248,1498,1862,0.108333
1445,1539,2661,0.267143,1914,2212,2832,0.122918,1861,2238,2825,0.115939,1091,1319,2346,0.280218,1247,1497,1868,0.110253
1481,1595,2704,0.257967,1780,2082,2842,0.154346,1840,2157,2827,0.13443,1088,1315,2309,0.274283,1236,1483,1886,0.11962
1516,1651,2747,0.249204,1780,2082,2842,0.154346,1819,2076,2829,0.153517,1096,1291,2316,0.28417,1226,1469,1903,0.128707
1552,1707,2789,0.240658,1780,2082,2842,0.154346,1798,1995,2831,0.173228,1090,1270,2375,0.303155,1216,1456,1921,0.137696
1543,1764,2636,0.198182,1784,2138,2732,0.121971,1789,2154,2750,0.121533,1065,1291,2299,0.28078,1230,1483,1837,0.106627
1536,1758,2637,0.2,1784,2138,2732,0.121971,1800,2174,2754,0.117695,1079,1287,2297,0.281808,1232,1484,1846,0.108709
1527,1742,2633,0.203657,1910,2238,2777,0.107478,1840,2208,2772,0.113253,1086,1286,2292,0.281163,1236,1486,1850,0.109113
1519,1721,2626,0.20819,1910,2238,2777,0.107478,1880,2242,2790,0.108903,1085,1289,2294,0.280491,1240,1488,1854,0.109515
1510,1700,2619,0.212781,1910,2238,2777,0.107478,1919,2275,2807,0.104683,1089,1291,2314,0.283773,1244,1490,1858,0.109916
1507,1681,2622,0.218685,1914,2212,2832,0.122918,1925,2287,2817,0.10384,1096,1297,2325,0.283821,1250,1493,1861,0.10972
1516,1666,2642,0.226555,1914,2212,2832,0.122918,1913,2288,2823,0.104676,1103,1302,2302,0.277469,1256,1497,1864,0.109194
1524,1652,2663,0.234299,1914,2212,2832,0.122918,1902,2288,2829,0.105726,1103,1309,2308,0.276196,1262,1501,1866,0.108405
1533,1638,2684,0.242018,1914,2212,2832,0.122918,1884,2263,2833,0.111852,1095,1315,2337,0.279847,1261,1498,1872,0.110979
1552,1675,2714,0.236728,1780,2082,2842,0.154346,1853,2185,2832,0.128962,1092,1310,2296,0.273433,1247,1482,1885,0.119691
1571,1712,2745,0.23177,1780,2082,2842,0.154346,1823,2107,2831,0.146618,1093,1289,2286,0.278881,1233,1466,1898,0.128419
1590,1750,2776,0.22669,1780,2082,2842,0.154346,1792,2029,2831,0.165021,1088,1268,2355,0.300028,1219,1449,1911,0.1375
1628,1876,2674,0.175385,1784,2138,2732,0.121971,1817,2164,2766,0.12211,1072,1287,2315,0.285397,1225,1488,1823,0.101178
1634,1882,2676,0.174199,1784,2138,2732,0.121971,1830,2189,2772,0.117517,1072,1294,2320,0.283896,1228,1489,1834,0.103822
1640,1888,2678,0.173018,1784,2138,2732,0.121971,1844,2214,2777,0.112803,1079,1298,2317,0.281881,1231,1490,1844,0.106179
1641,1881,2675,0.174276,1910,2238,2777,0.107478,1885,2243,2795,0.109567,1082,1298,2313,0.281086,1237,1492,1847,0.106319
1640,1867,2669,0.176808,1910,2238,2777,0.107478,1926,2272,2813,0.106391,1084,1299,2307,0.279534,1242,1494,1851,0.106726
1638,1854,2664,0.179283,1910,2238,2777,0.107478,1966,2301,2830,0.103099,1091,1300,2313,0.280376,1248,1496,1854,0.106866
1635,1834,2665,0.184708,1914,2212,2832,0.122918,1968,2311,2837,0.102176,1097,1302,2324,0.281853,1255,1498,1858,0.107271
1631,1801,2679,0.195982,1914,2212,2832,0.122918,1950,2311,2839,0.102524,1102,1303,2308,0.278316,1262,1499,1863,0.108269
1626,1769,2692,0.206904,1914,2212,2832,0.122918,1932,2312,2840,0.102484,1100,1303,2304,0.277516,1269,1501,1867,0.10867
1621,1736,2706,0.21837,1914,2212,2832,0.122918,1906,2287,2840,0.10786,1096,1305,2330,0.281981,1269,1496,1874,0.112166
1623,1755,2725,0.216518,1780,2082,2842,0.154346,1867,2213,2837,0.123564,1091,1302,2295,0.276063,1253,1477,1885,0.121356
1625,1774,2743,0.214523,1780,2082,2842,0.154346,1827,2138,2833,0.139811,1083,1284,2283,0.280067,1237,1459,1896,0.130253
1745,2019,2719,0.147742,1848,2154,2790,0.128641,1888,2254,2802,0.108386,1077,1302,2311,0.279269,1231,1496,1851,0.106065
1755,2021,2717,0.146897,1970,2282,2833,0.107722,1930,2278,2819,0.106141,1079,1306,2311,0.277855,1237,1498,1850,0.105137
1761,2015,2713,0.147631,1970,2282,2833,0.107722,1972,2303,2836,0.103717,1084,1304,2293,0.274951,1242,1499,1849,0.10454
1766,2008,2708,0.148431,1970,2282,2833,0.107722,2013,2327,2853,0.101544,1093,1301,2277,0.272778,1248,1501,1849,0.103881
1763,1987,2708,0.153568,1992,2280,2843,0.109897,2011,2336,2857,0.100327,1100,1300,2290,0.275766,1254,1499,1852,0.105342
1745,1936,2715,0.167491,1992,2280,2843,0.109897,1987,2336,2854,0.099807,1102,1298,2311,0.280687,1260,1496,1857,0.107665
1728,1886,2722,0.181424,1992,2280,2843,0.109897,1962,2336,2851,0.099287,1093,1294,2306,0.281111,1266,1494,1863,0.10992
1710,1836,2729,0.195619,1992,2280,2843,0.109897,1929,2312,2847,0.103702,1087,1290,2300,0.281337,1265,1485,1871,0.115018
1694,1836,2735,0.196675,1792,2094,2859,0.154452,1880,2240,2841,0.118284,1088,1288,2288,0.279642,1250,1465,1886,0.125634
1679,1836,2742,0.197903,1792,2094,2859,0.154452,1831,2169,2836,0.133267,1080,1279,2295,0.284275,1235,1444,1900,0.136364
1777,2009,2712,0.148909,1992,2280,2843,0.109897,1995,2312,2856,0.105263,1102,1298,2268,0.272013,1254,1501,1846,0.103077
1758,1960,2721,0.162572,1992,2280,2843,0.109897,1971,2309,2850,0.104865,1100,1303,2299,0.276513,1258,1494,1852,0.106993
1738,1911,2730,0.176471,1992,2280,2843,0.109897,1947,2307,2845,0.104425,1083,1300,2305,0.278779,1263,1486,1858,0.111244
1719,1861,2740,0.191045,1992,2280,2843,0.109897,1915,2280,2842,0.109723,1079,1290,2287,0.278725,1261,1474,1868,0.117893
1705,1855,2755,0.195228,1792,2094,2859,0.154452,1868,2204,2843,0.12661,1090,1278,2285,0.282627,1247,1452,1886,0.130018
1779,2028,2713,0.144484,1970,2282,2833,0.107722,1998,2306,2853,0.106028,1092,1297,2266,0.271962,1249,1505,1843,0.100956
1668,1701,2957,0.269644,1834,1912,2876,0.201337,1810,2026,2971,0.189113,1713,2041,3069,0.201174,2048,2361,2829,0.090173
1590,1597,2930,0.294455,1552,1590,2792,0.274304,1751,1926,2980,0.214839,1725,2065,3035,0.190196,2039,2335,2836,0.096886
1492,1476,2878,0.322003,1552,1590,2792,0.274304,1693,1827,2988,0.241122,1717,2064,3031,0.189794,2031,2309,2844,0.103823
1691,1747,2952,0.256438,1834,1912,2876,0.201337,1851,2073,2958,0.175909,1707,2044,3109,0.206676,2058,2370,2830,0.088462
1609,1644,2924,0.28021,1552,1590,2792,0.274304,1795,1976,2972,0.201293,1718,2049,3059,0.197729,2060,2355,2837,0.092835
1505,1523,2871,0.306782,1552,1590,2792,0.274304,1739,1879,2986,0.227544,1726,2038,3068,0.201723,2062,2339,2843,0.09726
1401,1403,2818,0.335229,1552,1590,2792,0.274304,1684,1781,3000,0.254968,1715,2017,3048,0.203554,2064,2324,2849,0.101489
1728,1816,2930,0.234724,1834,1912,2876,0.201337,1866,2083,2992,0.179113,1705,2027,3157,0.217978,2008,2295,2818,0.102288
1793,1933,2906,0.201075,1964,2088,2934,0.168459,1921,2168,3003,0.161477,1680,2011,3119,0.215984,1977,2247,2809,0.111155
1753,1863,2927,0.222129,1964,2088,2934,0.168459,1907,2145,2974,0.161946,1713,2059,3179,0.213822,2021,2312,2815,0.098108
1713,1793,2948,0.243619,1964,2088,2934,0.168459,1892,2122,2946,0.162589,1712,2059,3140,0.207925,2064,2376,2821,0.085626
1627,1690,2918,0.266493,1802,2018,2886,0.176998,1839,2026,2964,0.187976,1721,2045,3109,0.206442,2064,2370,2825,0.087584
1519,1571,2864,0.291545,1802,2018,2886,0.176998,1786,1931,2983,0.214082,1740,2026,3139,0.215489,2064,2363,2829,0.089753
1410,1451,2809,0.318779,1802,2018,2886,0.176998,1733,1835,3002,0.241265,1753,2007,3111,0.215709,2063,2356,2833,0.091925
1302,1322,2676,0.338669,1578,1622,2735,0.255451,1636,1713,2885,0.254893,1732,1977,3046,0.212821,1933,2193,2689,0.101598
1788,1913,2924,0.209014,1964,2088,2934,0.168459,1937,2168,3021,0.164386,1715,2080,3179,0.208975,2034,2328,2811,0.093987
1757,1854,2929,0.224754,1964,2088,2934,0.168459,1941,2161,3002,0.16289,1721,2088,3185,0.208041,2071,2383,2811,0.082403
1682,1762,2901,0.244263,1802,2018,2886,0.176998,1905,2087,3016,0.18205,1719,2072,3166,0.208858,2068,2385,2813,0.082339
1585,1652,2857,0.267243,1802,2018,2886,0.176998,1870,2013,3029,0.201507,1730,2048,3167,0.214573,2065,2386,2815,0.082484
1488,1543,2813,0.291552,1802,2018,2886,0.176998,1834,1939,3043,0.221598,1760,2023,3125,0.214064,2062,2388,2817,0.082421
1383,1414,2694,0.311587,1578,1622,2735,0.255451,1734,1818,2936,0.23517,1749,1991,3071,0.213354,1943,2235,2691,0.09257
1819,1972,2920,0.193786,1964,2088,2934,0.168459,1933,2176,3040,0.165644,1695,2043,3135,0.210892,1996,2273,2811,0.105822
1844,2012,2933,0.186249,1964,2088,2934,0.168459,1945,2184,3078,0.169897,1695,2045,3120,0.208132,2015,2298,2813,0.100763
1822,1963,2922,0.196315,1964,2088,2934,0.168459,1968,2192,3068,0.16654,1712,2076,3196,0.212443,2046,2344,2808,0.090062
1800,1915,2910,0.206218,1964,2088,2934,0.168459,1991,2200,3058,0.16318,1725,2102,3235,0.212292,2078,2390,2802,0.079353
1736,1833,2884,0.222811,1802,2018,2886,0.176998,1972,2147,3067,0.176448,1716,2102,3201,0.207241,2072,2400,2802,0.077278
1651,1734,2851,0.24362,1802,2018,2886,0.176998,1953,2094,3076,0.189942,1715,2082,3155,0.204888,2067,2410,2802,0.075211
1566,1635,2818,0.265664,1802,2018,2886,0.176998,1934,2042,3084,0.203277,1742,2047,3109,0.205974,2061,2420,2802,0.073152
1463,1506,2713,0.286087,1578,1622,2735,0.255451,1832,1923,2986,0.216541,1742,1998,3055,0.209183,1954,2277,2692,0.083518
1326,1316,2467,0.304256,1578,1622,2735,0.255451,1689,1770,2835,0.23127,1695,1924,3033,0.223724,1796,2057,2529,0.102922
1857,2014,2919,0.183458,1964,2096,3151,0.201067,1999,2215,3115,0.168856,1704,2083,3196,0.210835,2035,2337,2827,0.094888
1844,1976,2892,0.188168,1964,2096,3151,0.201067,2041,2238,3115,0.163833,1727,2111,3252,0.212754,2075,2392,2820,0.082118
1791,1905,2867,0.201593,1990,2192,3120,0.174699,2039,2207,3118,0.17108,1730,2117,3223,0.207116,2076,2408,2821,0.078983
1717,1816,2845,0.220768,1990,2192,3120,0.174699,2037,2176,3122,0.178558,1735,2096,3184,0.206061,2077,2424,2822,0.075867
1644,1728,2822,0.24044,1990,2192,3120,0.174699,2035,2145,3125,0.185958,1751,2055,3156,0.211284,2077,2440,2823,0.072772
1544,1598,2732,0.261894,1732,1900,2933,0.213739,1930,2027,3037,0.199447,1745,2003,3082,0.212193,1983,2311,2723,0.081843
1391,1386,2508,0.288136,1732,1900,2933,0.213739,1775,1866,2903,0.217446,1705,1938,3020,0.218233,1841,2109,2572,0.09891
1869,2051,2946,0.179107,1964,2096,3151,0.201067,1956,2191,3115,0.174142,1683,2031,3127,0.212485,1995,2282,2834,0.107897
1854,2028,2990,0.19171,1964,2096,3151,0.201067,1912,2119,3157,0.19674,1667,2035,3161,0.216705,1975,2266,2854,0.114844
1844,2000,2960,0.193548,1964,2096,3151,0.201067,1954,2149,3165,0.191193,1699,2111,3163,0.199469,2024,2330,2846,0.099691
1835,1972,2930,0.19543,1964,2096,3151,0.201067,1996,2179,3173,0.185725,1732,2133,3232,0.204846,2073,2394,2838,0.084862
1793,1914,2906,0.205809,1990,2192,3120,0.174699,2005,2162,3173,0.189503,1755,2131,3240,0.206479,2080,2416,2840,0.08067
1734,1840,2884,0.220999,1990,2192,3120,0.174699,2014,2145,3173,0.193306,1772,2110,3218,0.207958,2086,2438,2842,0.076515
1675,1767,2862,0.236552,1990,2192,3120,0.174699,2023,2129,3172,0.196755,1779,2074,3206,0.214394,2093,2459,2844,0.0726
1586,1648,2782,0.255982,1732,1900,2933,0.213739,1932,2027,3098,0.208976,1761,2031,3142,0.214769,2012,2345,2753,0.080031
1435,1441,2585,0.284153,1732,1900,2933,0.213739,1790,1883,2986,0.226535,1714,1972,3035,0.212303,1887,2162,2615,0.094829
1284,1233,2389,0.319161,1732,1900,2933,0.213739,1649,1739,2874,0.246044,1630,1862,2939,0.224328,1762,1979,2477,0.111759
1817,1974,3048,0.213859,1964,2096,3151,0.201067,1839,2007,3202,0.229411,1655,2059,3162,0.211262,1955,2249,2875,0.12217
1808,1955,3023,0.214544,1964,2096,3151,0.201067,1871,2038,3217,0.224358,1693,2124,3136,0.192395,2013,2323,2866,0.104644
1800,1936,2997,0.215082,1964,2096,3151,0.201067,1904,2070,3233,0.21931,1736,2157,3208,0.195899,2070,2397,2856,0.087379
1768,1892,2972,0.222039,1990,2192,3120,0.174699,1921,2064,3229,0.220102,1772,2159,3264,0.203762,2083,2424,2859,0.08234
1726,1836,2946,0.23212,1990,2192,3120,0.174699,1938,2058,3226,0.221045,1794,2142,3243,0.204457,2096,2452,2862,0.077155
1683,1779,2919,0.242656,1990,2192,3120,0.174699,1955,2052,3223,0.221991,1798,2113,3209,0.205938,2109,2479,2865,0.072231
1608,1678,2847,0.258343,1732,1900,2933,0.213739,1884,1975,3164,0.231368,1781,2072,3167,0.209009,2041,2379,2783,0.078264
1468,1488,2681,0.28616,1732,1900,2933,0.213739,1771,1861,3077,0.246254,1731,2007,3076,0.210309,1933,2215,2658,0.090909
1329,1298,2516,0.31935,1732,1900,2933,0.213739,1656,1747,2990,0.262402,1636,1895,2956,0.218718,1825,2051,2533,0.105148
1781,1919,3107,0.236371,1964,2096,3151,0.201067,1767,1894,3247,0.263178,1651,2061,3149,0.208829,1935,2228,2896,0.130367
1773,1909,3086,0.235636,1964,2096,3151,0.201067,1789,1927,3269,0.258276,1689,2095,3179,0.205537,1998,2306,2891,0.112565
1764,1899,3065,0.234891,1964,2096,3151,0.201067,1811,1960,3292,0.253618,1730,2154,3227,0.199405,2061,2383,2887,0.095636
1743,1870,3038,0.237979,1990,2192,3120,0.174699,1836,1966,3286,0.251333,1771,2179,3290,0.203145,2072,2408,2882,0.089603
1717,1831,3007,0.243076,1990,2192,3120,0.174699,1861,1971,3279,0.249143,1795,2169,3264,0.201546,2082,2432,2878,0.083992
1691,1792,2977,0.24848,1990,2192,3120,0.174699,1887,1976,3273,0.247095,1796,2137,3191,0.197823,2093,2457,2873,0.078049
1630,1708,2912,0.260606,1732,1900,2933,0.213739,1837,1922,3230,0.253882,1779,2090,3128,0.198927,2036,2372,2800,0.082753
1502,1535,2777,0.288033,1732,1900,2933,0.213739,1751,1839,3168,0.265428,1733,2025,3071,0.205259,1944,2234,2693,0.09316
1374,1363,2643,0.319521,1732,1900,2933,0.213739,1664,1756,3106,0.277663,1642,1925,3002,0.218591,1853,2095,2586,0.104892
1721,1839,3154,0.263369,1614,1658,3296,0.330642,1708,1825,3304,0.28836,1661,1984,3258,0.243037,1981,2284,2920,0.122214
1712,1833,3138,0.262523,1614,1658,3296,0.330642,1715,1848,3329,0.286073,1684,2048,3251,0.227024,2048,2363,2923,0.10594
1699,1817,3110,0.262432,1628,1716,3342,0.321471,1745,1859,3322,0.282378,1720,2120,3256,0.21131,2052,2380,2907,0.099678
1685,1796,3075,0.262574,1628,1716,3342,0.321471,1774,1870,3316,0.278828,1759,2163,3265,0.203021,2057,2397,2890,0.093248
1670,1774,3040,0.262983,1628,1716,3342,0.321471,1803,1881,3309,0.275145,1778,2161,3233,0.198739,2061,2414,2874,0.086989
1623,1710,2982,0.2711,1662,1786,3194,0.282731,1772,1848,3278,0.27897,1770,2124,3159,0.195911,2012,2346,2811,0.090169
1512,1561,2879,0.296847,1662,1786,3194,0.282731,1710,1793,3234,0.286652,1748,2077,3078,0.19418,1938,2235,2725,0.09879
1615,1702,3195,0.304881,1628,1716,3342,0.321471,1638,1737,3321,0.313167,1714,2079,3247,0.219302,2032,2351,2931,0.109807
1604,1700,3155,0.299691,1628,1716,3342,0.321471,1663,1743,3319,0.311339,1734,2125,3222,0.205162,2031,2361,2903,0.102964
1593,1697,3115,0.29468,1628,1716,3342,0.321471,1687,1749,3318,0.309651,1742,2126,3196,0.201052,2029,2371,2875,0.096073
1558,1657,3063,0.297881,1662,1786,3194,0.282731,1669,1731,3291,0.310633,1733,2090,3152,0.202594,1989,2319,2822,0.097841
1473,1541,2990,0.319797,1662,1786,3194,0.282731,1629,1700,3250,0.313131,1708,2046,3080,0.201717,1931,2237,2756,0.103946
1626,1707,3225,0.307786,1614,1658,3296,0.330642,1613,1731,3322,0.314862,1684,2020,3262,0.235138,2034,2341,2959,0.116604
1531,1588,3280,0.347576,1628,1716,3342,0.321471,1532,1615,3319,0.345359,1698,2045,3237,0.225672,2005,2314,2948,0.120487
1524,1604,3235,0.337053,1628,1716,3342,0.321471,1552,1616,3323,0.345617,1692,2071,3229,0.218491,1998,2318,2911,0.113406
1517,1621,3189,0.325988,1628,1716,3342,0.321471,1572,1617,3327,0.345874,1698,2070,3193,0.213376,1992,2322,2874,0.106236
1493,1604,3144,0.324347,1662,1786,3194,0.282731,1566,1613,3304,0.343909,1699,2044,3144,0.212028,1962,2286,2828,0.105984
1435,1521,3101,0.341843,1662,1786,3194,0.282731,1548,1608,3266,0.340172,1675,2010,3086,0.211146,1920,2230,2777,0.109247
1696,1869,3370,0.286505,1654,1930,3322,0.265042,1714,1899,3409,0.284476,1671,2021,3283,0.237934,1793,2068,3000,0.183899
1702,1907,3379,0.278471,1654,1930,3322,0.265042,1712,1858,3423,0.296345,1649,2008,3279,0.240401,1784,2041,3009,0.191683
1689,1832,3362,0.294571,1654,1930,3322,0.265042,1717,1939,3394,0.27283,1696,2027,3303,0.2394,1802,2094,2992,0.176563
1696,1826,3356,0.295253,1654,1930,3322,0.265042,1776,1959,3381,0.266292,1717,2054,3228,0.222264,1855,2165,2976,0.157751
1692,1849,3370,0.291435,1654,1930,3322,0.265042,1753,1895,3406,0.285041,1699,2064,3248,0.222892,1843,2136,2984,0.165625
1687,1871,3383,0.287781,1654,1930,3322,0.265042,1730,1831,3432,0.304199,1679,2066,3274,0.226217,1831,2106,2992,0.173794
1704,1916,3388,0.277526,1854,2068,3322,0.232653,1730,1857,3430,0.297522,1672,2062,3266,0.225976,1804,2099,2991,0.175246
1702,1820,3350,0.295938,1654,1930,3322,0.265042,1836,1979,3369,0.25991,1708,2077,3212,0.214596,1889,2213,2973,0.146548
1687,1827,3369,0.296767,1654,1930,3322,0.265042,1792,1891,3404,0.285741,1713,2088,3266,0.220022,1881,2190,2978,0.152477
1672,1835,3388,0.297339,1654,1930,3322,0.265042,1749,1804,3440,0.311976,1707,2090,3298,0.224202,1872,2167,2983,0.158447
1679,1865,3400,0.291548,1854,2068,3322,0.232653,1725,1809,3440,0.310726,1697,2094,3243,0.215289,1843,2156,2983,0.160926
1727,1940,3397,0.273,1854,2068,3322,0.232653,1712,1860,3423,0.295855,1686,2083,3217,0.213962,1805,2152,2980,0.161341
1728,1835,3326,0.288898,1802,2076,3278,0.224505,1880,2067,3333,0.234444,1685,2050,3225,0.222749,1898,2236,2968,0.140661
1766,1890,3319,0.274333,2142,2380,3260,0.156028,1948,2135,3317,0.216801,1667,2061,3237,0.221971,1917,2261,2975,0.136364
1729,1859,3345,0.28555,1916,2128,3322,0.219083,1897,2039,3360,0.244675,1684,2086,3243,0.217114,1915,2249,2976,0.139139
1702,1848,3365,0.291003,1916,2128,3322,0.219083,1845,1942,3403,0.27334,1699,2088,3311,0.226523,1913,2237,2978,0.14209
1675,1836,3386,0.296821,1916,2128,3322,0.219083,1794,1846,3446,0.302343,1706,2089,3346,0.231279,1911,2225,2979,0.144889
1669,1846,3401,0.29636,1796,1892,3338,0.276482,1753,1828,3447,0.306919,1703,2106,3285,0.218698,1882,2211,2978,0.147813
1704,1898,3404,0.284044,1796,1892,3338,0.276482,1717,1850,3428,0.298977,1690,2105,3247,0.213378,1840,2195,2976,0.151035
1755,1951,3356,0.264745,1916,2128,3322,0.219083,1926,2101,3405,0.236833,1681,2076,3324,0.231111,1945,2284,2977,0.131724
1712,1913,3370,0.27579,1916,2128,3322,0.219083,1893,2025,3450,0.260274,1691,2087,3378,0.236231,1950,2284,2976,0.131559
1689,1891,3380,0.282489,1796,1892,3338,0.276482,1844,1982,3449,0.270116,1698,2114,3360,0.227621,1921,2266,2973,0.134949
1703,1901,3381,0.280197,1796,1892,3338,0.276482,1786,1955,3425,0.273234,1699,2120,3341,0.223585,1874,2239,2971,0.140499
1797,1989,3343,0.253938,1916,2128,3322,0.219083,1958,2178,3359,0.213292,1662,2075,3255,0.221388,1940,2285,2979,0.131839
1864,2119,3340,0.223667,1916,2128,3322,0.219083,2020,2317,3359,0.18358,1631,2049,3262,0.228394,1942,2297,2975,0.128604
1807,2054,3348,0.239541,1916,2128,3322,0.219083,2006,2260,3406,0.202259,1663,2070,3314,0.231055,1955,2310,2975,0.125828
1750,1989,3355,0.255614,1916,2128,3322,0.219083,1993,2204,3453,0.220788,1681,2095,3384,0.235262,1968,2323,2975,0.123065
1709,1935,3359,0.268984,1796,1892,3338,0.276482,1935,2135,3450,0.235452,1698,2122,3413,0.233243,1943,2307,2973,0.126136
1701,1905,3359,0.276216,1796,1892,3338,0.276482,1856,2060,3422,0.248449,1719,2130,3402,0.229935,1900,2275,2971,0.132673
1692,1874,3358,0.283639,1796,1892,3338,0.276482,1777,1985,3394,0.261945,1718,2124,3391,0.229737,1856,2244,2969,0.139075
1931,2248,3338,0.195131,2206,2622,3366,0.124248,2082,2455,3358,0.155341,1597,2000,3303,0.24571,1896,2261,2955,0.133052
1860,2157,3339,0.215066,2206,2622,3366,0.124248,2087,2419,3407,0.169585,1643,2055,3333,0.237194,1920,2292,2968,0.128517
1787,2065,3339,0.235751,2206,2622,3366,0.124248,2092,2384,3456,0.183562,1675,2097,3398,0.236761,1944,2323,2981,0.124057
1729,1980,3339,0.255499,1976,2286,3338,0.187055,2026,2289,3451,0.202439,1698,2125,3447,0.237258,1934,2320,2983,0.125024
1699,1908,3336,0.272311,1976,2286,3338,0.187055,1926,2166,3419,0.224351,1723,2135,3428,0.232429,1906,2299,2980,0.129002
1668,1837,3333,0.289362,1976,2286,3338,0.187055,1825,2042,3387,0.247744,1735,2138,3360,0.222263,1878,2278,2976,0.132851
1843,2134,3312,0.216306,2206,2622,3366,0.124248,2143,2461,3454,0.167878,1656,2084,3405,0.240663,1920,2323,2987,0.125047
1778,2047,3306,0.235195,1976,2286,3338,0.187055,2087,2384,3450,0.182722,1688,2127,3440,0.235854,1924,2333,2992,0.123756
1721,1943,3305,0.259527,1976,2286,3338,0.187055,1986,2267,3422,0.203023,1717,2149,3423,0.228643,1912,2323,2988,0.125212
1663,1839,3304,0.284853,1976,2286,3338,0.187055,1886,2150,3394,0.224387,1743,2156,3337,0.215001,1900,2313,2984,0.126675
1606,1735,3303,0.311235,1976,2286,3338,0.187055,1798,2037,3365,0.245835,1751,2153,3223,0.199033,1885,2294,2978,0.129742
1911,2211,3320,0.200506,2206,2622,3366,0.124248,2110,2456,3409,0.162489,1615,2020,3369,0.250325,1886,2274,2961,0.131232
1962,2266,3302,0.186063,2206,2622,3366,0.124248,2133,2492,3412,0.155827,1585,1985,3344,0.25502,1851,2256,2954,0.133973
1898,2203,3284,0.197011,2206,2622,3366,0.124248,2193,2538,3452,0.152588,1631,2067,3354,0.23741,1896,2323,2992,0.12587
1827,2115,3273,0.214922,1976,2286,3338,0.187055,2147,2479,3450,0.163771,1676,2135,3396,0.227988,1914,2346,3002,0.122663
1742,1978,3273,0.24662,1976,2286,3338,0.187055,2047,2369,3425,0.182258,1717,2177,3415,0.221388,1919,2347,2997,0.121632
1658,1841,3274,0.280156,1976,2286,3338,0.187055,1948,2259,3401,0.201767,1749,2188,3362,0.211532,1923,2347,2991,0.120644
1574,1704,3275,0.315525,1976,2286,3338,0.187055,1846,2133,3376,0.225631,1767,2180,3250,0.197053,1916,2337,2983,0.121429
1953,2272,3257,0.178152,2208,2632,3317,0.115145,2244,2615,3450,0.137675,1615,2056,3322,0.235403,1878,2307,2983,0.127788
1875,2183,3240,0.194911,2136,2588,3293,0.119878,2207,2574,3449,0.145276,1671,2147,3389,0.22435,1905,2343,2996,0.122308
1764,2013,3242,0.233873,2136,2588,3293,0.119878,2108,2471,3428,0.162231,1719,2208,3435,0.217438,1919,2355,2995,0.119626
1653,1843,3245,0.27555,2136,2588,3293,0.119878,2009,2367,3408,0.18026,1750,2223,3404,0.209881,1933,2368,2993,0.116583
1542,1674,3248,0.319789,2136,2588,3293,0.119878,1895,2229,3386,0.206055,1766,2207,3315,0.200652,1934,2366,2986,0.115845
1490,1614,3289,0.341628,1550,1822,3299,0.28842,1750,2024,3361,0.248282,1760,2182,3261,0.198236,1908,2337,2969,0.11911
1972,2314,3240,0.166727,2208,2632,3317,0.115145,2254,2628,3422,0.13124,1609,2045,3362,0.243573,1859,2292,2974,0.12951
1897,2234,3223,0.181235,2136,2588,3293,0.119878,2229,2606,3426,0.135942,1671,2147,3408,0.227003,1895,2340,2991,0.122116
1785,2057,3229,0.221718,2136,2588,3293,0.119878,2141,2523,3416,0.150362,1730,2223,3428,0.213237,1919,2364,2993,0.117416
1673,1880,3236,0.265051,2136,2588,3293,0.119878,2053,2440,3406,0.165241,1756,2241,3396,0.204896,1943,2388,2995,0.112762
1560,1703,3243,0.311363,2136,2588,3293,0.119878,1941,2309,3393,0.190109,1757,2219,3327,0.199784,1951,2395,2989,0.110327
1487,1608,3300,0.344743,1550,1822,3299,0.28842,1782,2085,3372,0.235844,1751,2188,3271,0.198388,1928,2369,2970,0.112568
1805,2106,3226,0.210053,2136,2588,3293,0.119878,2160,2551,3396,0.142088,1726,2212,3383,0.209294,1919,2373,2991,0.115213
1704,1934,3237,0.251982,2136,2588,3293,0.119878,2089,2495,3401,0.153664,1755,2237,3373,0.202496,1953,2408,2997,0.108973
1604,1763,3249,0.296488,2136,2588,3293,0.119878,1987,2382,3398,0.175779,1742,2216,3331,0.20101,1969,2424,2993,0.10504
1510,1633,3317,0.340202,1550,1822,3299,0.28842,1824,2154,3381,0.22168,1728,2187,3275,0.199194,1947,2401,2970,0.105939
1906,2278,3214,0.17043,2136,2588,3293,0.119878,2231,2606,3392,0.131044,1654,2125,3374,0.227132,1886,2337,2986,0.121924
1915,2322,3205,0.159761,2136,2588,3293,0.119878,2233,2607,3358,0.125901,1624,2091,3324,0.227701,1884,2331,2980,0.122199
1825,2155,3222,0.198438,2136,2588,3293,0.119878,2179,2578,3376,0.134028,1696,2180,3364,0.213564,1925,2378,2989,0.113844
1736,1989,3239,0.239097,2136,2588,3293,0.119878,2125,2550,3395,0.142136,1731,2213,3390,0.210066,1965,2424,2998,0.105865
1647,1822,3255,0.282253,2136,2588,3293,0.119878,2033,2454,3403,0.162028,1726,2204,3373,0.209611,1984,2446,2996,0.101066
1533,1658,3335,0.33587,1550,1822,3299,0.28842,1867,2224,3390,0.207695,1712,2187,3316,0.205161,1960,2420,2971,0.102207
1761,2018,3245,0.233137,2084,2496,3251,0.131373,2114,2531,3383,0.144065,1701,2167,3387,0.219662,1978,2438,3001,0.103512
1685,1862,3262,0.273224,2084,2496,3251,0.131373,2035,2453,3397,0.161368,1711,2175,3387,0.217907,1998,2465,3000,0.097896
1558,1684,3342,0.329885,1716,2054,3262,0.227239,1879,2237,3386,0.204339,1707,2173,3352,0.213394,1969,2434,2973,0.099686
1836,2173,3227,0.195185,2084,2496,3251,0.131373,2154,2539,3357,0.138738,1667,2131,3361,0.223962,1933,2381,2987,0.112891
1032,1028,3024,0.492596,1118,1290,2640,0.343511,1034,1262,2699,0.362787,1325,1686,2887,0.262628,1220,1465,2232,0.207466
1094,1081,3167,0.491055,1011,1007,3150,0.515516,1056,1242,2823,0.38893,1319,1622,2902,0.282935,1252,1513,2183,0.181277
1067,1042,3154,0.503336,963,947,3038,0.524718,1048,1270,2765,0.370508,1331,1663,2892,0.269813,1298,1580,2234,0.171474
1005,958,3089,0.526563,963,947,3038,0.524718,992,1195,2718,0.389215,1317,1688,2896,0.263525,1255,1497,2234,0.197534
942,875,3023,0.551052,963,947,3038,0.524718,935,1119,2671,0.409499,1283,1642,2939,0.283126,1212,1415,2235,0.224658
982,926,3156,0.546301,963,947,3038,0.524718,976,1137,2756,0.415875,1279,1624,2888,0.280142,1289,1528,2237,0.188313
1027,980,3231,0.534552,963,947,3038,0.524718,1025,1201,2789,0.397995,1303,1644,2925,0.280368,1350,1641,2234,0.153032
1047,1015,3226,0.521339,1011,1007,3150,0.515516,1032,1146,2874,0.429851,1272,1603,2930,0.292742,1250,1499,2116,0.170678
1045,1005,3244,0.526947,1011,1007,3150,0.515516,1029,1174,2832,0.413879,1301,1636,2959,0.287922,1300,1570,2175,0.161549
995,929,3322,0.562926,1011,1007,3150,0.515516,1001,1105,2840,0.439797,1245,1596,2975,0.301685,1316,1579,2190,0.162112
993,933,3299,0.559074,1011,1007,3150,0.515516,999,1077,2868,0.453992,1228,1564,2950,0.307045,1267,1514,2128,0.168589
1075,1308,2491,0.311398,1294,1590,2373,0.197578,1227,1600,2464,0.212598,1240,1496,2823,0.307247,1240,1551,2333,0.201339
1056,1290,2424,0.305331,1294,1590,2373,0.197578,1238,1628,2394,0.190453,1250,1499,2775,0.298549,1249,1575,2292,0.185415
998,1183,2495,0.356716,1212,1490,2348,0.223554,1192,1592,2414,0.205192,1270,1536,2830,0.296381,1200,1474,2233,0.204748
1070,1271,2536,0.332283,1294,1590,2373,0.197578,1218,1579,2537,0.23275,1233,1514,2821,0.301499,1252,1552,2352,0.204918
1044,1242,2491,0.334583,1294,1590,2373,0.197578,1244,1634,2461,0.201954,1252,1539,2824,0.294522,1271,1609,2266,0.169548
1018,1213,2446,0.336977,1294,1590,2373,0.197578,1251,1660,2410,0.184275,1256,1542,2815,0.292174,1271,1623,2213,0.153806
1008,1198,2471,0.346961,1212,1490,2348,0.223554,1222,1626,2412,0.194651,1268,1542,2815,0.292174,1235,1548,2223,0.178998
978,1126,2495,0.378072,1172,1500,2344,0.219563,1245,1674,2442,0.186589,1277,1585,2951,0.301146,1270,1587,2199,0.161648
1076,1259,2538,0.336845,1188,1488,2304,0.21519,1229,1580,2564,0.237452,1225,1499,2831,0.307621,1264,1542,2368,0.211253
1045,1218,2514,0.347267,1188,1488,2304,0.21519,1245,1624,2511,0.21451,1258,1562,2824,0.287734,1279,1585,2298,0.183621
1013,1176,2491,0.358604,1188,1488,2304,0.21519,1260,1669,2457,0.190984,1267,1591,2854,0.284139,1295,1628,2228,0.155602
981,1135,2468,0.369969,1188,1488,2304,0.21519,1264,1692,2427,0.178441,1266,1596,2908,0.291297,1296,1639,2186,0.143007
972,1108,2549,0.394039,1172,1500,2344,0.219563,1207,1637,2472,0.203212,1267,1547,2843,0.295216,1218,1483,2225,0.200108
975,1117,2522,0.386095,1172,1500,2344,0.219563,1226,1656,2457,0.194748,1285,1569,2928,0.302201,1244,1535,2212,0.180678
969,1100,2547,0.396764,1134,1436,2369,0.245204,1159,1568,2467,0.2228,1232,1512,2772,0.294118,1168,1405,2269,0.235166
945,1031,2556,0.425146,1134,1436,2369,0.245204,1127,1509,2462,0.23999,1227,1503,2845,0.308648,1187,1437,2260,0.222613
1043,1199,2554,0.361044,1188,1488,2304,0.21519,1204,1534,2612,0.26001,1241,1532,2850,0.300776,1295,1591,2299,0.182005
1014,1157,2543,0.374595,1188,1488,2304,0.21519,1220,1583,2557,0.235266,1270,1581,2832,0.283481,1307,1619,2244,0.161791
985,1116,2531,0.38799,1188,1488,2304,0.21519,1236,1633,2501,0.209966,1274,1608,2860,0.280215,1319,1647,2190,0.141517
956,1074,2520,0.402337,1188,1488,2304,0.21519,1245,1664,2468,0.194579,1268,1619,2939,0.289601,1321,1656,2159,0.131848
956,1068,2537,0.40749,1172,1500,2344,0.219563,1237,1657,2477,0.198355,1275,1613,3002,0.300975,1305,1626,2175,0.144436
957,1061,2555,0.413164,1172,1500,2344,0.219563,1230,1650,2487,0.202321,1285,1591,2956,0.300198,1289,1596,2191,0.157116
957,1055,2572,0.418252,1172,1500,2344,0.219563,1223,1643,2497,0.20628,1281,1561,2846,0.291582,1273,1566,2206,0.169671
952,1044,2569,0.422087,1134,1436,2369,0.245204,1175,1576,2479,0.222688,1255,1530,2808,0.294606,1230,1502,2233,0.195716
938,1018,2542,0.42809,1134,1436,2369,0.245204,1078,1442,2444,0.257849,1210,1473,2847,0.318056,1144,1372,2287,0.250068
1003,1131,2601,0.393891,1188,1488,2304,0.21519,1147,1436,2709,0.307117,1231,1543,2886,0.303229,1326,1639,2230,0.152753
1017,1144,2640,0.395349,1120,1398,2540,0.289995,1110,1362,2768,0.340436,1189,1471,2874,0.3229,1297,1592,2273,0.176197
921,966,2566,0.453001,1134,1436,2369,0.245204,1072,1411,2388,0.257173,1222,1466,2835,0.318298,1221,1496,2215,0.193748
981,1094,2596,0.407046,1188,1488,2304,0.21519,1170,1499,2639,0.275495,1263,1588,2885,0.289962,1334,1652,2191,0.140255
959,1058,2591,0.420115,1188,1488,2304,0.21519,1192,1562,2569,0.243767,1279,1608,2878,0.283103,1343,1666,2152,0.127292
938,1021,2586,0.433879,1188,1488,2304,0.21519,1209,1604,2521,0.222303,1275,1614,2881,0.281869,1346,1672,2132,0.120925
939,1016,2588,0.436182,1172,1500,2344,0.219563,1215,1607,2516,0.220471,1270,1614,2912,0.286787,1340,1665,2151,0.127358
941,1011,2590,0.438489,1172,1500,2344,0.219563,1220,1610,2511,0.218636,1277,1603,2905,0.28882,1334,1657,2169,0.133821
943,1006,2592,0.4408,1172,1500,2344,0.219563,1226,1613,2506,0.2168,1282,1577,2836,0.285293,1327,1650,2188,0.140177
938,995,2586,0.444289,1134,1436,2369,0.245204,1174,1545,2467,0.229811,1270,1536,2832,0.296703,1292,1598,2197,0.157839
929,981,2576,0.448412,1134,1436,2369,0.245204,1123,1478,2427,0.243022,1243,1495,2867,0.314535,1256,1547,2206,0.175593
929,956,2611,0.463975,1172,1500,2344,0.219563,1228,1582,2515,0.227728,1283,1574,2812,0.282262,1335,1661,2167,0.132184
963,1063,2647,0.426954,1188,1488,2304,0.21519,1090,1339,2806,0.35392,1198,1531,2895,0.308179,1307,1604,2209,0.158668
948,1031,2649,0.439674,1188,1488,2304,0.21519,1119,1415,2722,0.315929,1245,1579,2938,0.300863,1318,1623,2176,0.145565
934,1000,2650,0.452055,1188,1488,2304,0.21519,1148,1491,2637,0.277616,1277,1602,2931,0.293183,1329,1643,2143,0.132066
919,968,2652,0.465193,1188,1488,2304,0.21519,1174,1545,2574,0.249818,1282,1600,2864,0.283154,1336,1656,2126,0.124273
922,964,2638,0.464742,1172,1500,2344,0.219563,1192,1557,2555,0.242704,1277,1588,2847,0.283878,1336,1658,2140,0.126909
925,960,2625,0.464435,1172,1500,2344,0.219563,1210,1570,2535,0.235079,1278,1582,2851,0.286262,1336,1660,2153,0.129295
913,930,2596,0.47249,1134,1436,2369,0.245204,1119,1447,2393,0.246354,1257,1499,2846,0.310012,1254,1547,2155,0.164236
923,945,2602,0.467155,1134,1436,2369,0.245204,1174,1515,2454,0.236584,1279,1545,2828,0.293391,1295,1604,2161,0.147942
903,914,2664,0.4891,1142,1394,2534,0.290224,1192,1528,2559,0.252263,1280,1564,2846,0.290703,1317,1633,2141,0.134605
906,909,2633,0.486731,1142,1394,2534,0.290224,1223,1556,2517,0.235944,1284,1562,2794,0.282828,1321,1638,2146,0.134249
901,897,2623,0.490341,1060,1258,2307,0.29425,1163,1483,2446,0.245101,1277,1542,2817,0.292498,1268,1565,2126,0.151991
897,923,2727,0.494247,1062,1096,2851,0.444642,1128,1470,2643,0.285193,1260,1578,2892,0.29396,1309,1625,2131,0.134718
900,919,2696,0.491563,1142,1394,2534,0.290224,1160,1499,2601,0.26878,1270,1572,2875,0.293007,1313,1629,2136,0.134661
891,880,2623,0.497573,1060,1258,2307,0.29425,1102,1410,2376,0.255151,1251,1491,2809,0.306512,1216,1492,2106,0.17065
906,943,2733,0.486942,1062,1096,2851,0.444642,1093,1399,2728,0.322026,1242,1561,2946,0.3073,1296,1600,2150,0.146667
863,850,2650,0.514286,1060,1258,2307,0.29425,1132,1450,2448,0.256029,1259,1529,2781,0.290487,1242,1525,2090,0.156293
856,831,2664,0.524464,1060,1258,2307,0.29425,1059,1359,2391,0.2752,1224,1453,2764,0.310885,1178,1437,2057,0.177447
868,886,2767,0.514919,1142,1394,2534,0.290224,1110,1423,2664,0.303646,1240,1577,2903,0.295982,1289,1600,2131,0.142321
867,866,2658,0.508513,1142,1394,2534,0.290224,1205,1541,2505,0.23826,1271,1570,2789,0.279651,1305,1613,2124,0.136741
868,876,2712,0.511706,1142,1394,2534,0.290224,1158,1482,2584,0.271028,1263,1585,2864,0.28748,1297,1607,2128,0.139491
832,838,2761,0.534315,1142,1394,2534,0.290224,1124,1437,2609,0.289669,1237,1573,2821,0.284024,1271,1571,2115,0.147585
828,824,2684,0.530217,1142,1394,2534,0.290224,1188,1527,2492,0.240109,1246,1559,2755,0.277237,1285,1586,2098,0.138979
825,804,2677,0.538064,1060,1258,2307,0.29425,1101,1417,2449,0.266943,1230,1495,2721,0.290797,1212,1485,2064,0.163145
787,758,2704,0.562103,1038,1136,2407,0.358736,1071,1384,2451,0.278227,1196,1447,2697,0.301641,1176,1441,2055,0.175629
1117,1245,2644,0.359733,1362,1814,2316,0.12155,1415,1847,2369,0.123814,1426,1739,2986,0.263915,1245,1610,2071,0.125238
1090,1215,2692,0.378039,1278,1602,2321,0.183278,1362,1778,2401,0.149079,1416,1747,2906,0.249087,1249,1623,2060,0.118653
1199,1345,2662,0.328675,1362,1814,2316,0.12155,1423,1932,2375,0.102856,1470,1831,3069,0.252653,1261,1626,2086,0.123922
1178,1330,2647,0.331154,1362,1814,2316,0.12155,1418,1904,2363,0.10757,1461,1816,3021,0.249121,1254,1628,2073,0.120238
1158,1314,2632,0.334009,1362,1814,2316,0.12155,1414,1875,2351,0.112636,1441,1789,2950,0.244988,1248,1630,2059,0.116292
1215,1397,2635,0.307044,1362,1814,2316,0.12155,1422,1931,2354,0.098716,1486,1876,3089,0.24431,1265,1645,2064,0.112968
1242,1431,2686,0.304834,1396,1888,2370,0.113199,1418,1968,2428,0.104641,1464,1841,3059,0.248571,1280,1624,2114,0.131086
1249,1423,2663,0.303475,1396,1888,2370,0.113199,1440,1985,2394,0.0934,1464,1841,3059,0.248571,1286,1641,2089,0.120107
1232,1410,2649,0.305248,1362,1814,2316,0.12155,1431,1958,2374,0.09603,1485,1862,3082,0.246764,1276,1643,2076,0.116429
1134,1286,2670,0.349848,1278,1602,2321,0.183278,1377,1829,2375,0.129876,1450,1843,3011,0.240626,1253,1637,2050,0.112015
1198,1384,2621,0.308864,1362,1814,2316,0.12155,1413,1903,2334,0.101723,1472,1869,3064,0.242246,1255,1648,2051,0.108948
1095,1221,2712,0.3791,1404,1822,2331,0.122562,1372,1828,2382,0.131591,1479,1833,2943,0.232412,1258,1632,2047,0.112802
1286,1526,2684,0.275059,1440,1874,2447,0.132608,1378,1942,2506,0.126799,1420,1824,3084,0.256724,1264,1589,2156,0.151402
1282,1506,2667,0.278217,1440,1874,2447,0.132608,1426,1987,2448,0.103946,1455,1852,3042,0.243155,1283,1624,2118,0.132015
1278,1486,2649,0.281258,1440,1874,2447,0.132608,1453,2009,2400,0.088682,1484,1869,3047,0.239626,1294,1648,2088,0.117773
1264,1475,2635,0.282238,1412,1872,2339,0.1109,1439,1983,2372,0.089323,1502,1888,3053,0.235782,1286,1652,2075,0.113496
1251,1464,2622,0.283407,1412,1872,2339,0.1109,1425,1957,2344,0.089979,1504,1899,3043,0.231485,1278,1656,2062,0.109198
1238,1453,2609,0.284589,1412,1872,2339,0.1109,1412,1932,2317,0.09061,1491,1892,3048,0.234008,1270,1660,2049,0.10488
1178,1358,2647,0.321848,1404,1822,2331,0.122562,1392,1880,2349,0.110901,1468,1870,3046,0.239219,1264,1646,2048,0.108825
1267,1496,2603,0.270066,1412,1872,2339,0.1109,1434,1964,2347,0.088842,1529,1895,2988,0.223838,1290,1667,2061,0.105687
1251,1481,2590,0.272415,1412,1872,2339,0.1109,1422,1947,2319,0.087201,1524,1878,2968,0.224928,1284,1673,2047,0.100538
1197,1397,2615,0.303589,1404,1822,2331,0.122562,1406,1906,2346,0.103481,1508,1852,2971,0.232013,1275,1656,2046,0.105348
1283,1511,2616,0.267749,1412,1872,2339,0.1109,1446,1981,2375,0.09045,1523,1893,3025,0.230175,1296,1661,2074,0.110576
1294,1532,2650,0.267336,1440,1874,2447,0.132608,1422,1962,2456,0.111815,1465,1859,3050,0.242616,1286,1623,2121,0.133013
1299,1526,2630,0.26564,1440,1874,2447,0.132608,1458,1999,2404,0.091983,1501,1881,3034,0.234588,1301,1655,2088,0.115683
1124,1277,2659,0.351118,1404,1822,2331,0.122562,1389,1865,2374,0.120075,1494,1837,2934,0.229931,1266,1639,2045,0.110206
1050,1157,2703,0.400518,1404,1822,2331,0.122562,1373,1825,2401,0.136299,1466,1821,2922,0.232132,1256,1622,2044,0.115112
1283,1528,2585,0.25699,1412,1872,2339,0.1109,1443,1970,2350,0.087963,1544,1889,3029,0.231802,1303,1678,2059,0.101953
1265,1510,2572,0.260167,1412,1872,2339,0.1109,1433,1962,2321,0.08382,1535,1878,2994,0.229064,1300,1686,2046,0.096463
1216,1435,2583,0.285714,1404,1822,2331,0.122562,1420,1932,2343,0.09614,1521,1856,2962,0.229556,1286,1666,2044,0.101887
1320,1566,2611,0.25018,1440,1874,2447,0.132608,1463,1988,2407,0.095336,1517,1876,3074,0.24202,1308,1662,2087,0.113364
1152,1333,2607,0.32335,1404,1822,2331,0.122562,1406,1902,2366,0.108716,1492,1870,3002,0.232348,1273,1646,2043,0.107617
1088,1231,2630,0.362341,1404,1822,2331,0.122562,1393,1873,2388,0.120864,1480,1836,2988,0.238806,1260,1626,2042,0.113413
1301,1547,2598,0.253559,1412,1872,2339,0.1109,1453,1979,2378,0.091577,1545,1887,3053,0.236032,1305,1670,2073,0.107668
1307,1558,2634,0.256679,1440,1874,2447,0.132608,1419,1937,2464,0.119746,1464,1846,3112,0.255345,1290,1623,2125,0.133938
1061,1199,2606,0.369777,1306,1686,2347,0.163898,1362,1825,2429,0.141984,1477,1809,2941,0.238316,1253,1609,2055,0.121725
1340,1606,2592,0.234874,1378,1808,2439,0.148575,1467,1978,2411,0.098656,1516,1876,3164,0.255556,1300,1661,2101,0.116959
1320,1583,2579,0.239308,1466,1946,2351,0.094252,1460,1977,2381,0.092703,1542,1890,3107,0.243546,1299,1668,2083,0.110637
1299,1561,2566,0.243518,1466,1946,2351,0.094252,1452,1977,2352,0.086625,1532,1895,3069,0.236503,1299,1676,2065,0.103983
1278,1538,2553,0.248106,1466,1946,2351,0.094252,1444,1976,2323,0.080716,1514,1899,3038,0.230707,1299,1683,2047,0.097587
1235,1474,2551,0.267578,1424,1880,2329,0.106676,1434,1958,2340,0.088879,1502,1893,3011,0.227977,1286,1662,2047,0.103802
1181,1390,2554,0.295132,1424,1880,2329,0.106676,1424,1939,2357,0.0973,1505,1889,2962,0.221192,1273,1641,2048,0.110328
1127,1305,2558,0.324359,1424,1880,2329,0.106676,1414,1921,2375,0.10568,1494,1855,2959,0.229331,1260,1620,2049,0.116926
1341,1631,2555,0.220736,1378,1808,2439,0.148575,1449,1959,2426,0.106499,1475,1880,3170,0.255446,1291,1659,2115,0.120827
1296,1577,2535,0.232977,1466,1946,2351,0.094252,1453,1981,2361,0.087517,1510,1900,3004,0.225122,1296,1674,2070,0.105769
1274,1550,2525,0.239264,1466,1946,2351,0.094252,1455,1992,2329,0.077991,1504,1906,2970,0.218212,1298,1681,2048,0.098418
1236,1495,2517,0.254736,1424,1880,2329,0.106676,1444,1973,2340,0.085092,1505,1905,2958,0.216533,1285,1659,2051,0.10566
1191,1424,2510,0.276055,1424,1880,2329,0.106676,1434,1954,2352,0.092429,1509,1891,2862,0.204292,1273,1637,2053,0.112737
1145,1354,2503,0.2979,1424,1880,2329,0.106676,1423,1935,2364,0.099791,1494,1868,2873,0.211981,1260,1615,2056,0.120131
1086,1257,2541,0.338073,1306,1686,2347,0.163898,1381,1855,2404,0.128903,1477,1829,2898,0.226148,1252,1606,2061,0.12408
1000,1108,2667,0.41298,1306,1686,2347,0.163898,1322,1746,2458,0.169363,1457,1775,2955,0.249471,1246,1604,2067,0.126124
1319,1604,2545,0.226802,1466,1946,2351,0.094252,1451,1970,2394,0.097159,1507,1897,3083,0.238153,1293,1667,2093,0.113298
1284,1586,2497,0.22312,1466,1946,2351,0.094252,1450,1983,2374,0.089741,1507,1904,2949,0.215331,1293,1672,2076,0.107791
1260,1555,2491,0.23134,1466,1946,2351,0.094252,1467,2008,2337,0.075719,1512,1912,2900,0.20532,1298,1678,2049,0.099544
1228,1506,2481,0.244545,1424,1880,2329,0.106676,1453,1982,2343,0.083468,1514,1907,2871,0.201758,1285,1655,2054,0.107576
1191,1448,2470,0.260847,1424,1880,2329,0.106676,1440,1957,2349,0.091036,1494,1879,2861,0.207173,1272,1632,2059,0.115687
1153,1390,2458,0.277547,1424,1880,2329,0.106676,1427,1932,2354,0.09846,1484,1866,2924,0.220877,1260,1609,2063,0.123638
1103,1304,2487,0.312055,1306,1686,2347,0.163898,1392,1867,2380,0.120791,1471,1851,2997,0.236386,1251,1603,2067,0.126431
1025,1162,2598,0.381915,1306,1686,2347,0.163898,1348,1782,2414,0.15062,1454,1804,3029,0.253466,1244,1605,2070,0.126531
1308,1617,2504,0.215239,1466,1946,2351,0.094252,1434,1960,2411,0.10318,1485,1890,3022,0.230456,1288,1665,2103,0.116242
1297,1629,2462,0.203618,1466,1946,2351,0.094252,1417,1949,2428,0.109436,1491,1871,3011,0.233511,1280,1652,2110,0.121744
1272,1594,2460,0.213616,1466,1946,2351,0.094252,1448,1986,2386,0.091491,1515,1911,2956,0.214711,1288,1665,2084,0.111763
1247,1559,2458,0.223799,1466,1946,2351,0.094252,1478,2023,2344,0.073506,1514,1928,2879,0.197836,1296,1677,2059,0.102248
1191,1472,2429,0.245322,1424,1880,2329,0.106676,1446,1960,2345,0.089431,1480,1866,2961,0.226849,1273,1637,2064,0.115374
1162,1426,2413,0.257098,1424,1880,2329,0.106676,1431,1929,2345,0.097333,1477,1853,3037,0.242127,1262,1617,2067,0.12215
1119,1351,2434,0.286129,1306,1686,2347,0.163898,1404,1878,2355,0.112686,1471,1851,3071,0.247867,1253,1611,2067,0.12398
1050,1215,2528,0.350788,1306,1686,2347,0.163898,1373,1818,2370,0.131805,1455,1811,3027,0.251344,1246,1611,2067,0.12398
981,1080,2623,0.416689,1306,1686,2347,0.163898,1341,1757,2385,0.151618,1426,1751,2904,0.247691,1238,1611,2066,0.123742
1219,1517,2446,0.234418,1424,1880,2329,0.106676,1462,1992,2345,0.081393,1504,1911,2845,0.196384,1284,1657,2061,0.108661
1068,1258,2479,0.326733,1326,1756,2271,0.127887,1392,1847,2335,0.116691,1463,1799,2887,0.232181,1249,1619,2059,0.11963
1262,1594,2429,0.207557,1458,1902,2354,0.106203,1437,1975,2393,0.095696,1495,1918,2958,0.21329,1282,1655,2094,0.117098
1238,1559,2429,0.218154,1458,1902,2354,0.106203,1479,2025,2346,0.073439,1493,1940,2884,0.195688,1294,1677,2073,0.1056
1214,1522,2418,0.227411,1434,1812,2294,0.117389,1464,1993,2342,0.080507,1485,1912,2887,0.203167,1284,1662,2071,0.109563
1189,1485,2402,0.235915,1434,1812,2294,0.117389,1449,1962,2339,0.087654,1472,1844,2939,0.228936,1274,1647,2070,0.113801
1165,1448,2387,0.24485,1434,1812,2294,0.117389,1435,1931,2335,0.094702,1474,1818,2957,0.238534,1265,1632,2069,0.118076
1128,1382,2402,0.269556,1326,1756,2271,0.127887,1415,1891,2334,0.104852,1476,1818,2946,0.236776,1256,1624,2065,0.119545
1008,1134,2557,0.385532,1326,1756,2271,0.127887,1370,1803,2335,0.128565,1431,1757,2790,0.227183,1241,1613,2054,0.120262
947,1010,2634,0.445664,1326,1756,2271,0.127887,1314,1706,2372,0.163315,1390,1713,2771,0.23595,1234,1602,2046,0.121711
1122,1384,2415,0.271387,1326,1756,2271,0.127887,1422,1905,2321,0.098438,1475,1798,2832,0.223326,1260,1637,2062,0.114896
1254,1577,2412,0.209326,1458,1902,2354,0.106203,1412,1938,2391,0.104643,1455,1907,2944,0.21377,1277,1646,2103,0.121899
1238,1548,2408,0.217391,1458,1902,2354,0.106203,1458,1999,2335,0.077527,1467,1935,2921,0.203048,1291,1676,2086,0.108985
971,1073,2583,0.41302,1326,1756,2271,0.127887,1327,1727,2333,0.149261,1386,1700,2821,0.247954,1236,1599,2029,0.118523
1021,1176,2527,0.364839,1326,1756,2271,0.127887,1380,1820,2313,0.119284,1426,1750,2803,0.231276,1245,1615,2042,0.116762
1071,1280,2471,0.317515,1326,1756,2271,0.127887,1401,1863,2317,0.108612,1461,1787,2838,0.227243,1252,1626,2052,0.115824
1213,1514,2405,0.227354,1434,1812,2294,0.117389,1452,1980,2332,0.081633,1471,1901,2924,0.212021,1283,1666,2081,0.110755
1157,1442,2398,0.248958,1434,1812,2294,0.117389,1439,1940,2325,0.09027,1473,1808,2815,0.217824,1268,1647,2071,0.11404
1185,1478,2401,0.237948,1434,1812,2294,0.117389,1445,1960,2329,0.086034,1472,1846,2859,0.215303,1275,1657,2076,0.112242
1116,1385,2427,0.273347,1326,1756,2271,0.127887,1430,1920,2308,0.091769,1451,1815,2870,0.225187,1264,1639,2054,0.112375
1237,1538,2388,0.216505,1458,1902,2354,0.106203,1438,1973,2324,0.081685,1456,1916,3001,0.220663,1291,1666,2095,0.114065
1213,1506,2391,0.227098,1434,1812,2294,0.117389,1439,1966,2321,0.082808,1469,1901,2959,0.217695,1284,1661,2086,0.113424
1181,1471,2400,0.23999,1434,1812,2294,0.117389,1441,1958,2318,0.084191,1476,1891,2940,0.217139,1278,1657,2077,0.11248
1150,1436,2410,0.25325,1434,1812,2294,0.117389,1442,1950,2315,0.08558,1466,1850,2888,0.21908,1272,1652,2068,0.111828
907,993,2618,0.450014,1092,1388,2470,0.280456,1226,1561,2326,0.19681,1332,1589,2828,0.280507,1220,1545,1982,0.123901
1075,1302,2462,0.308183,1326,1756,2271,0.127887,1410,1879,2300,0.100742,1431,1782,2874,0.234536,1255,1621,2037,0.113723
1035,1218,2496,0.344103,1326,1756,2271,0.127887,1390,1837,2291,0.109981,1402,1733,2854,0.244386,1247,1604,2021,0.115034
994,1135,2531,0.380797,1326,1756,2271,0.127887,1339,1747,2295,0.135576,1369,1670,2836,0.258766,1236,1581,2003,0.117746
1143,1430,2421,0.257336,1418,1798,2268,0.115593,1446,1960,2305,0.080891,1455,1866,2992,0.231783,1278,1635,2054,0.113581
1237,1527,2367,0.215716,1344,1716,2353,0.15655,1418,1948,2314,0.085875,1452,1882,2987,0.226946,1294,1639,2092,0.121415
1212,1499,2378,0.226722,1418,1798,2268,0.115593,1427,1952,2311,0.084213,1475,1909,2979,0.218903,1289,1637,2079,0.118945
1109,1386,2440,0.275484,1314,1706,2204,0.127366,1437,1935,2295,0.085106,1425,1825,2932,0.23271,1269,1617,2033,0.113973
1079,1323,2453,0.299258,1314,1706,2204,0.127366,1419,1895,2282,0.09265,1398,1770,2879,0.238546,1258,1591,2009,0.116111
1048,1261,2466,0.323316,1314,1706,2204,0.127366,1400,1854,2268,0.100437,1371,1704,2846,0.250989,1247,1566,1984,0.117746
1018,1198,2480,0.348559,1314,1706,2204,0.127366,1351,1768,2256,0.121272,1340,1632,2806,0.264534,1230,1533,1958,0.121742
1178,1465,2400,0.241915,1418,1798,2268,0.115593,1437,1956,2308,0.082552,1474,1889,2977,0.223592,1283,1636,2067,0.116392
1007,1199,2363,0.326783,1314,1706,2204,0.127366,1301,1737,2189,0.11513,1347,1665,2818,0.257194,1248,1527,1948,0.121151
1158,1437,2395,0.25,1418,1798,2268,0.115593,1380,1890,2292,0.096126,1433,1844,2950,0.230705,1289,1616,2057,0.120065
1124,1403,2403,0.262743,1418,1798,2268,0.115593,1395,1899,2273,0.089645,1430,1833,2977,0.237838,1284,1618,2040,0.115364
1087,1355,2401,0.278488,1314,1706,2204,0.127366,1375,1861,2247,0.093963,1408,1798,2926,0.238781,1274,1596,2013,0.115544
1047,1277,2382,0.301995,1314,1706,2204,0.127366,1338,1799,2218,0.104307,1382,1738,2862,0.244348,1261,1562,1980,0.118012
1192,1472,2388,0.237306,1418,1798,2268,0.115593,1366,1880,2312,0.103053,1465,1879,2898,0.213314,1293,1614,2073,0.124491
1138,1410,2391,0.25809,1418,1798,2268,0.115593,1324,1824,2276,0.110244,1380,1791,2927,0.24078,1294,1596,2047,0.123799
1105,1376,2384,0.268085,1418,1798,2268,0.115593,1343,1839,2240,0.098308,1384,1780,2929,0.244001,1291,1601,2026,0.117177
1066,1323,2363,0.282149,1314,1706,2204,0.127366,1313,1788,2198,0.10286,1367,1744,2895,0.248114,1279,1575,1992,0.116905
1171,1445,2398,0.247983,1418,1798,2268,0.115593,1304,1809,2313,0.122271,1412,1831,2865,0.220187,1298,1590,2067,0.130435
1118,1384,2387,0.265977,1162,1472,2174,0.19254,1267,1758,2261,0.125156,1353,1702,2895,0.259517,1245,1531,2026,0.139162
1085,1349,2366,0.273755,1162,1472,2174,0.19254,1292,1778,2207,0.107654,1345,1681,2897,0.265618,1249,1533,1986,0.12873
1386,1676,2229,0.141613,1604,1926,2454,0.120548,1551,1898,2364,0.109338,1222,1437,2757,0.314735,1146,1405,2021,0.179802
1412,1703,2245,0.137285,1604,1926,2454,0.120548,1539,1889,2411,0.121395,1248,1479,2811,0.31049,1137,1386,2059,0.195356
1417,1712,2229,0.131185,1604,1926,2454,0.120548,1526,1882,2438,0.128704,1263,1529,2778,0.289993,1153,1413,2050,0.183945
1390,1688,2204,0.13258,1604,1926,2454,0.120548,1541,1899,2380,0.112409,1242,1494,2735,0.29345,1153,1426,2024,0.173333
1344,1631,2201,0.148747,1510,1846,2416,0.13374,1520,1868,2364,0.117202,1228,1489,2665,0.283101,1119,1383,2013,0.185512
1443,1736,2255,0.130043,1604,1926,2454,0.120548,1510,1866,2496,0.144429,1270,1541,2801,0.290189,1154,1401,2076,0.194133
1455,1727,2304,0.143141,1498,1780,2656,0.197475,1431,1763,2640,0.199182,1263,1513,2994,0.3286,1190,1428,2070,0.183533
1431,1711,2269,0.140201,1604,1926,2454,0.120548,1461,1806,2564,0.173455,1275,1540,2840,0.296804,1179,1434,2056,0.178223
1407,1696,2234,0.136896,1604,1926,2454,0.120548,1491,1849,2489,0.147533,1278,1554,2725,0.273662,1169,1440,2041,0.172652
1383,1682,2200,0.133436,1604,1926,2454,0.120548,1521,1892,2414,0.121226,1270,1547,2679,0.267866,1159,1446,2027,0.167291
1348,1640,2189,0.143379,1510,1846,2416,0.13374,1506,1868,2390,0.122593,1250,1515,2689,0.279258,1131,1406,2009,0.176574
1307,1587,2191,0.159873,1510,1846,2416,0.13374,1492,1845,2367,0.123932,1234,1496,2688,0.284895,1103,1366,1992,0.18642
1397,1681,2240,0.142566,1604,1926,2454,0.120548,1456,1815,2540,0.166475,1285,1541,2738,0.279738,1152,1424,2034,0.176403
1377,1675,2196,0.134591,1604,1926,2454,0.120548,1499,1884,2447,0.129993,1269,1531,2696,0.275609,1149,1441,2005,0.163668
1352,1650,2178,0.137931,1510,1846,2416,0.13374,1493,1869,2417,0.127858,1243,1495,2747,0.295144,1130,1409,1995,0.17215
1326,1615,2172,0.147082,1510,1846,2416,0.13374,1487,1854,2386,0.125472,1242,1483,2714,0.293305,1111,1378,1984,0.18025
1300,1580,2166,0.156434,1510,1846,2416,0.13374,1480,1838,2356,0.12351,1241,1465,2685,0.293976,1091,1347,1974,0.188799
1418,1687,2283,0.150126,1604,1926,2454,0.120548,1412,1746,2632,0.202376,1288,1545,2851,0.297088,1155,1407,2062,0.188815
1378,1657,2268,0.155669,1488,1762,2654,0.201993,1402,1746,2614,0.199083,1267,1520,2855,0.305143,1119,1386,2026,0.187573
1366,1668,2207,0.139097,1488,1762,2654,0.201993,1461,1847,2498,0.149827,1255,1505,2781,0.297713,1132,1422,1971,0.161804
1351,1654,2178,0.136743,1492,1842,2326,0.116123,1465,1841,2454,0.142724,1232,1488,2740,0.296121,1122,1403,1974,0.169085
1336,1627,2165,0.141878,1492,1842,2326,0.116123,1469,1836,2410,0.135186,1237,1481,2725,0.295768,1113,1384,1977,0.176436
1320,1601,2152,0.146816,1492,1842,2326,0.116123,1472,1830,2366,0.127741,1248,1460,2715,0.300599,1105,1365,1981,0.1841
1280,1532,2169,0.172116,1394,1598,2386,0.197791,1433,1767,2356,0.142857,1250,1432,2706,0.307878,1082,1324,1998,0.20289
1340,1645,2201,0.144566,1492,1842,2326,0.116123,1407,1758,2514,0.176966,1223,1494,2765,0.298427,1115,1396,1953,0.166318
1327,1606,2180,0.151611,1492,1842,2326,0.116123,1425,1766,2444,0.161045,1226,1485,2727,0.294872,1116,1389,1970,0.172968
1313,1567,2160,0.159109,1492,1842,2326,0.116123,1444,1775,2374,0.144372,1235,1467,2734,0.301595,1118,1383,1987,0.179228
1275,1493,2170,0.184821,1394,1598,2386,0.197791,1402,1706,2363,0.161465,1241,1440,2725,0.308523,1100,1349,2005,0.195587
1187,1349,2241,0.248468,1394,1598,2386,0.197791,1329,1599,2382,0.196684,1222,1405,2744,0.322728,1071,1302,2024,0.217078
1347,1658,2246,0.150615,1488,1762,2654,0.201993,1388,1749,2584,0.192707,1236,1496,2815,0.305961,1113,1402,1936,0.159976
1328,1648,2285,0.161963,1488,1762,2654,0.201993,1315,1651,2670,0.235825,1224,1507,2884,0.313596,1087,1360,1931,0.173503
1330,1637,2223,0.151813,1492,1842,2326,0.116123,1348,1674,2574,0.211864,1220,1499,2796,0.301979,1099,1369,1952,0.17555
1318,1585,2195,0.161376,1492,1842,2326,0.116123,1382,1696,2478,0.18735,1226,1485,2726,0.294704,1111,1378,1973,0.177559
1307,1533,2167,0.171351,1492,1842,2326,0.116123,1416,1719,2382,0.161668,1230,1476,2736,0.299145,1123,1387,1994,0.179533
1270,1453,2171,0.198124,1394,1598,2386,0.197791,1371,1645,2370,0.180573,1230,1456,2727,0.303849,1106,1356,2014,0.195252
1184,1319,2237,0.258155,1394,1598,2386,0.197791,1287,1523,2400,0.223553,1204,1419,2770,0.322511,1076,1306,2033,0.21773
1310,1564,2211,0.171391,1322,1484,2539,0.262242,1339,1627,2512,0.21382,1215,1476,2755,0.302293,1089,1334,1994,0.198317
1300,1499,2175,0.183996,1322,1484,2539,0.262242,1387,1663,2390,0.179373,1216,1476,2754,0.302128,1111,1364,1999,0.18882
1265,1414,2172,0.211378,1036,1034,2630,0.43559,1340,1584,2377,0.200202,1207,1464,2742,0.303852,1091,1328,2024,0.207637
1319,1628,2246,0.159525,1322,1484,2539,0.262242,1290,1590,2634,0.247159,1206,1483,2815,0.309912,1067,1303,1990,0.208624
1249,1445,2295,0.227273,1322,1484,2539,0.262242,1237,1464,2601,0.279705,1184,1429,2773,0.319848,1067,1290,2016,0.219601
